,UCSC_RefGene_Name,UCSC_RefGene_Accession,UCSC_RefGene_Group,UCSC_CpG_Islands_Name,Relation_to_UCSC_CpG_Island,Enhancer,Regulatory_Feature_Name,Regulatory_Feature_Group,GeneSymbol,in_signature
cg20523169,FLJ45079,NR_028337,TSS200,chr17:75883803-75884328,N_Shelf,nan,17:75880203-75880350,Unclassified,FLJ45079,False
cg05426006,GTF2F2,NM_004128,Body,nan,nan,True,nan,nan,GTF2F2,False
cg16908948,ZNF22,NM_006963,3'UTR,chr10:45496275-45496550,S_Shelf,nan,nan,nan,ZNF22,False
cg00019678,C12orf34,NM_032829,5'UTR,chr12:110151327-110152758,S_Shore,True,nan,nan,C12orf34,False
cg03435248,STK32C,NM_173575,Body,nan,nan,True,nan,nan,STK32C,False
cg26880445,MSRA;MSRA;MSRA,NM_001135670;NM_001135671;NM_012331,Body;TSS200;Body,nan,nan,nan,nan,nan,MSRA,True
cg05532178,HKDC1,NM_025130,TSS1500,nan,nan,nan,nan,nan,HKDC1,False
cg14957660,DIP2C,NM_014974,Body,nan,nan,nan,nan,nan,DIP2C,False
cg16210719,nan,nan,nan,nan,nan,True,nan,nan,nan,False
cg04854098,TSPAN5,NM_005723,Body,nan,nan,True,nan,nan,TSPAN5,False
cg21767191,PLCL2;PLCL2,NM_015184;NM_001144382,Body;Body,nan,nan,True,nan,nan,PLCL2,False
cg13977827,NFIB,NM_005596,Body,nan,nan,nan,nan,nan,NFIB,False
cg26894841,DEF8;DEF8,NM_017702;NM_207514,5'UTR;Body,chr16:90014250-90014613,S_Shore,nan,16:90016514-90016671,Unclassified,DEF8,False
cg03303633,ZEB2;ZEB2,NM_014795;NM_001171653,Body;Body,nan,nan,True,nan,nan,ZEB2,False
cg11639651,HKDC1,NM_025130,TSS1500,nan,nan,nan,nan,nan,HKDC1,False
cg02502704,nan,nan,nan,chr10:35415788-35416685,N_Shelf,nan,nan,nan,nan,False
cg15621651,PTPRE,NM_006504,5'UTR,nan,nan,nan,nan,nan,PTPRE,False
cg00084432,SPG20,NM_001142294,TSS200,nan,nan,nan,nan,nan,SPG20,False
cg17436460,CUBN,NM_001081,Body,nan,nan,True,nan,nan,CUBN,False
cg24594293,GPATCH4;GPATCH4,NM_015590;NM_182679,3'UTR;3'UTR,chr1:156561485-156561880,S_Shelf,nan,nan,nan,GPATCH4,False
cg24406771,nan,nan,nan,nan,nan,True,nan,nan,nan,False
cg04531363,CCDC46;CCDC46,NM_001037325;NM_145036,Body;Body,nan,nan,True,nan,nan,CCDC46,False
cg25578728,CHD7,NM_017780,Body,nan,nan,True,nan,nan,CHD7,False
cg18232597,NF1;OMG;NF1,NM_001042492;NM_002544;NM_000267,Body;TSS200;Body,nan,nan,nan,nan,nan,NF1,False
cg12466037,FAM53B,NM_014661,Body,nan,nan,nan,nan,nan,FAM53B,False
cg25728206,ARHGAP22,NM_021226,Body,chr10:49731448-49732638,S_Shelf,nan,nan,nan,ARHGAP22,False
cg15754752,SPG20,NM_001142294,TSS200,nan,nan,True,nan,nan,SPG20,False
cg11914795,C10orf107,NM_173554,TSS200,chr10:63422538-63423105,Island,True,nan,nan,C10orf107,False
cg04622001,CASZ1;CASZ1,NM_001079843;NM_017766,5'UTR;5'UTR,nan,nan,nan,nan,nan,CASZ1,False
cg22171613,ACOT7;ACOT7;ACOT7;ACOT7,NM_181864;NM_181865;NM_007274;NM_181866,Body;Body;Body;Body,nan,nan,True,nan,nan,ACOT7,False
cg05635923,SPG20,NM_001142294,TSS200,nan,nan,nan,nan,nan,SPG20,False
cg02598618,nan,nan,nan,nan,nan,True,nan,nan,nan,False
cg05760937,INPP5A,NM_005539,Body,chr10:134555113-134555338,N_Shelf,nan,nan,nan,INPP5A,False
cg09510085,KIAA1609,NM_020947,Body,nan,nan,nan,16:84517661-84519141,Unclassified,KIAA1609,False
cg26511507,DIP2C,NM_014974,Body,nan,nan,True,10:556516-557965,Unclassified,DIP2C,False
cg10479629,GPR179,NM_001004334,TSS200,nan,nan,nan,nan,nan,GPR179,False
cg13112511,PDE4D;PDE4D;PDE4D,NM_001165899;NM_006203;NM_001104631,Body;TSS1500;Body,nan,nan,True,nan,nan,PDE4D,False
cg26655873,SHQ1,NM_018130,Body,nan,nan,True,nan,nan,SHQ1,False
cg14758812,nan,nan,nan,nan,nan,True,nan,nan,nan,False
cg26614264,MGC14436;MGC14436;C12orf34,NR_026661;NR_026662;NM_032829,Body;Body;Body,nan,nan,True,nan,nan,MGC14436,False
cg14875327,nan,nan,nan,nan,nan,True,nan,nan,nan,False
cg18848959,TAF4,NM_003185,Body,chr20:60638612-60638982,Island,True,20:60637939-60640028,Promoter_Associated,TAF4,False
cg04585185,C21orf34;MIR125B2;C21orf34,NR_027790;NR_029694;NR_027791,Body;TSS1500;Body,nan,nan,nan,nan,nan,C21orf34,False
cg10207362,INPP5A,NM_005539,Body,chr10:134555113-134555338,N_Shelf,nan,nan,nan,INPP5A,False
cg26671966,NBL1;NBL1,NM_182744;NM_005380,3'UTR;3'UTR,nan,nan,nan,nan,nan,NBL1,False
cg16639311,nan,nan,nan,nan,nan,nan,nan,nan,nan,False
cg23208717,ZNF775,NM_173680,5'UTR,nan,nan,True,nan,nan,ZNF775,False
cg14136214,DAB2IP,NM_032552,3'UTR,nan,nan,True,9:124545749-124546355,Unclassified_Cell_type_specific,DAB2IP,False
cg10815420,LRP12;LRP12,NM_001135703;NM_013437,Body;Body,chr8:105600453-105601704,N_Shore,True,nan,nan,LRP12,False
cg13471336,DIP2C,NM_014974,Body,chr10:669070-669336,Island,nan,nan,nan,DIP2C,False
cg17370319,nan,nan,nan,nan,nan,True,nan,nan,nan,False
cg08500510,PFKFB3,NM_001145443,Body,nan,nan,nan,nan,nan,PFKFB3,False
cg22303758,EPHX2,NM_001979,Body,nan,nan,True,8:27372834-27374812,Unclassified,EPHX2,False
cg04207632,TBC1D14;TBC1D14,NM_001113361;NM_020773,Body;Body,chr4:6988305-6989373,N_Shore,nan,nan,nan,TBC1D14,False
cg20838818,nan,nan,nan,chr3:97540664-97541633,N_Shelf,nan,nan,nan,nan,False
cg26521186,ZNF238;ZNF238,NM_205768;NM_006352,Body;1stExon,chr1:244218274-244218538,N_Shore,nan,nan,nan,ZNF238,False
cg09066997,BCAR1;BCAR1;BCAR1;BCAR1;BCAR1,NM_001170718;NM_001170716;NM_001170715;NM_001170714;NM_001170720,TSS1500;TSS200;Body;TSS1500;TSS1500,chr16:75298976-75300186,S_Shore,nan,nan,nan,BCAR1,False
cg23532322,BAIAP2;BAIAP2;BAIAP2,NM_006340;NM_001144888;NM_017451,3'UTR;Body;Body,chr17:79086321-79086523,S_Shore,nan,17:79088280-79088351,Unclassified_Cell_type_specific,BAIAP2,False
cg02128191,DIP2C,NM_014974,Body,chr10:669070-669336,Island,nan,nan,nan,DIP2C,False
cg14070108,LINGO1,NM_032808,Body,chr15:77924568-77925988,N_Shelf,nan,nan,nan,LINGO1,False
cg11486078,nan,nan,nan,nan,nan,True,nan,nan,nan,False
cg10174683,nan,nan,nan,nan,nan,True,nan,nan,nan,False
cg26232945,PLEKHM3,NM_001080475,Body,chr2:208795525-208795860,S_Shelf,True,nan,nan,PLEKHM3,False
cg07906432,ROR1;ROR1,NM_005012;NM_001083592,Body;Body,nan,nan,True,nan,nan,ROR1,False
cg18074403,DIP2C,NM_014974,Body,chr10:409201-409523,N_Shelf,nan,nan,nan,DIP2C,True
cg01432329,nan,nan,nan,nan,nan,nan,nan,nan,nan,False
cg08078514,ICT1,NM_001545,3'UTR,nan,nan,nan,nan,nan,ICT1,False
cg01433914,ADD3;ADD3;ADD3,NM_016824;NM_001121;NM_019903,5'UTR;5'UTR;5'UTR,nan,nan,True,nan,nan,ADD3,False
cg00808511,TOX3;TOX3,NM_001080430;NM_001146188,Body;Body,nan,nan,True,nan,nan,TOX3,False
cg17342469,nan,nan,nan,nan,nan,nan,nan,nan,nan,False
cg00512459,nan,nan,nan,nan,nan,True,nan,nan,nan,False
cg16457797,PFN3,NM_001029886,TSS1500,chr5:176829339-176829756,N_Shore,nan,5:176829010-176830626,Promoter_Associated,PFN3,False
cg14016879,ASS1;ASS1,NM_000050;NM_054012,Body;Body,nan,nan,nan,nan,nan,ASS1,False
cg12621303,DSCAML1,NM_020693,Body,chr11:117666634-117668141,N_Shelf,nan,nan,nan,DSCAML1,False
cg06534197,nan,nan,nan,nan,nan,True,nan,nan,nan,False
cg09656152,nan,nan,nan,nan,nan,nan,nan,nan,nan,False
cg04078732,PUM1;PUM1,NM_014676;NM_001020658,Body;Body,nan,nan,True,nan,nan,PUM1,False
cg03770952,NOVA2,NM_002516,Body,nan,nan,nan,nan,nan,NOVA2,False
cg10519882,RNF130,NM_018434,Body,chr5:179498291-179499338,N_Shelf,nan,nan,nan,RNF130,False
cg05738240,RBM19;RBM19;RBM19,NM_001146698;NM_001146699;NM_016196,Body;Body;Body,nan,nan,nan,nan,nan,RBM19,False
cg13582226,EIF2C2;EIF2C2,NM_012154;NM_001164623,Body;Body,nan,nan,nan,nan,nan,EIF2C2,False
cg02945385,SRGAP3;SRGAP3,NM_001033117;NM_014850,Body;Body,nan,nan,True,nan,nan,SRGAP3,False
cg00341191,FAM53B,NM_014661,Body,nan,nan,nan,nan,nan,FAM53B,False
cg17675150,ZNF532,NM_018181,TSS1500,chr18:56530395-56531288,N_Shore,nan,nan,nan,ZNF532,False
cg22262702,TAF4,NM_003185,Body,chr20:60638612-60638982,Island,True,20:60637939-60640028,Promoter_Associated,TAF4,True
cg13781158,CNIH2,NM_182553,Body,chr11:66045211-66045708,S_Shore,True,nan,nan,CNIH2,False
cg26607103,ANK3,NM_020987,TSS200,nan,nan,nan,nan,nan,ANK3,False
cg11046864,DIP2C,NM_014974,Body,chr10:669070-669336,S_Shelf,nan,nan,nan,DIP2C,False
cg17977273,SEZ6;SEZ6,NM_178860;NM_001098635,TSS1500;TSS1500,chr17:27332268-27333188,S_Shore,nan,nan,nan,SEZ6,False
cg09280800,nan,nan,nan,nan,nan,True,nan,nan,nan,False
cg07585257,nan,nan,nan,nan,nan,nan,nan,nan,nan,False
cg26460506,nan,nan,nan,nan,nan,True,nan,nan,nan,False
cg05446471,HDAC11;HDAC11,NM_001136041;NM_024827,5'UTR;Body,chr3:13520912-13521319,S_Shore,nan,nan,nan,HDAC11,False
cg01248385,MCF2L;MCF2L,NM_001112732;NM_024979,Body;Body,chr13:113635654-113635899,S_Shore,nan,13:113636766-113636979,Unclassified_Cell_type_specific,MCF2L,False
cg14239494,CHD6,NM_032221,5'UTR,chr20:40246345-40247841,N_Shore,nan,nan,nan,CHD6,False
cg17408185,FAM171A1,NM_001010924,Body,nan,nan,True,nan,nan,FAM171A1,False
cg00953443,EIF2C2;EIF2C2,NM_012154;NM_001164623,Body;Body,nan,nan,nan,nan,nan,EIF2C2,False
cg03724728,THRA;THRA,NM_199334;NM_003250,Body;Body,nan,nan,True,nan,nan,THRA,False
cg16252110,nan,nan,nan,chr5:2866699-2867005,Island,nan,nan,nan,nan,False
cg19192626,nan,nan,nan,nan,nan,nan,nan,nan,nan,False
cg24251448,EIF2C2;EIF2C2,NM_012154;NM_001164623,Body;Body,nan,nan,nan,nan,nan,EIF2C2,False
cg19112357,nan,nan,nan,nan,nan,True,nan,nan,nan,False
cg07028415,SLC22A23;SLC22A23,NM_021945;NM_015482,Body;Body,nan,nan,nan,6:3285455-3285576,Unclassified_Cell_type_specific,SLC22A23,False
cg06981033,nan,nan,nan,nan,nan,True,nan,nan,nan,False
cg10071275,MYT1;MYT1,NM_004535;NM_004535,5'UTR;1stExon,nan,nan,nan,nan,nan,MYT1,False
cg15686474,nan,nan,nan,nan,nan,nan,8:29732257-29732806,Unclassified_Cell_type_specific,nan,False
cg04485482,nan,nan,nan,nan,nan,True,nan,nan,nan,False
cg01800148,SLC2A5;SLC2A5;SLC2A5,NM_001135585;NR_024180;NM_003039,TSS1500;Body;TSS1500,chr1:9131602-9131909,N_Shore,nan,nan,nan,SLC2A5,False
cg00543364,C21orf34;MIR125B2;C21orf34,NR_027790;NR_029694;NR_027791,Body;TSS1500;Body,nan,nan,nan,nan,nan,C21orf34,False
cg03724006,nan,nan,nan,nan,nan,True,nan,nan,nan,False
cg13739115,GRK5,NM_005308,Body,nan,nan,True,nan,nan,GRK5,False
cg25448355,COL14A1,NM_021110,Body,nan,nan,True,nan,nan,COL14A1,False
cg03687241,INPP5A,NM_005539,Body,nan,nan,nan,10:134420975-134421250,Unclassified_Cell_type_specific,INPP5A,False
cg25922279,EIF2C2;EIF2C2,NM_012154;NM_001164623,Body;Body,nan,nan,nan,nan,nan,EIF2C2,False
cg00746446,KLHL29,NM_052920,Body,nan,nan,True,nan,nan,KLHL29,True
cg00138926,nan,nan,nan,nan,nan,nan,nan,nan,nan,False
cg08457620,RTN4RL1,NM_178568,Body,chr17:1901126-1902197,N_Shore,True,17:1900122-1900293,Unclassified_Cell_type_specific,RTN4RL1,False
cg08076955,HOXB1,NM_002144,TSS200,chr17:46607804-46608390,S_Shore,True,nan,nan,HOXB1,False
cg20123962,DLGAP1;DLGAP1,NM_001003809;NM_004746,TSS1500;Body,nan,nan,nan,nan,nan,DLGAP1,False
cg08061524,nan,nan,nan,nan,nan,nan,nan,nan,nan,True
cg18937934,FRY,NM_023037,Body,nan,nan,True,nan,nan,FRY,False
cg04842880,CASZ1;CASZ1,NM_001079843;NM_017766,5'UTR;5'UTR,nan,nan,nan,nan,nan,CASZ1,False
cg10511332,FAF1,NM_007051,Body,nan,nan,True,nan,nan,FAF1,False
cg19983403,nan,nan,nan,nan,nan,True,nan,nan,nan,False
cg26570804,ACOT7;ACOT7;ACOT7;ACOT7,NM_181864;NM_181865;NM_007274;NM_181866,Body;Body;Body;Body,nan,nan,nan,1:6352295-6352458,Unclassified_Cell_type_specific,ACOT7,False
cg05996512,TLN2,NM_015059,Body,nan,nan,True,nan,nan,TLN2,False
cg24599270,RGS12;RGS12;RGS12,NM_198229;NM_198227;NM_002926,Body;Body;Body,nan,nan,nan,nan,nan,RGS12,False
cg22603555,SH3PXD2A,NM_014631,Body,nan,nan,True,nan,nan,SH3PXD2A,False
cg08266202,PRDM16;PRDM16,NM_022114;NM_199454,Body;Body,nan,nan,nan,nan,nan,PRDM16,False
cg26625729,nan,nan,nan,nan,nan,True,nan,nan,nan,False
cg05883690,NCAM1;NCAM1;NCAM1,NM_001076682;NM_000615;NM_181351,Body;Body;Body,chr11:112832524-112834490,S_Shelf,nan,nan,nan,NCAM1,False
cg19350020,PHLDB1;PHLDB1;PHLDB1,NM_001144759;NM_015157;NM_001144758,Body;Body;Body,nan,nan,True,nan,nan,PHLDB1,False
cg08284564,BCAR1;BCAR1,NM_001170715;NM_001170716,Body;TSS1500,chr16:75298976-75300186,S_Shore,nan,16:75301582-75302390,Unclassified_Cell_type_specific,BCAR1,False
cg06539449,CCND1,NM_053056,Body,chr11:69461060-69461378,N_Shore,nan,11:69459756-69461202,Gene_Associated,CCND1,False
cg06661812,nan,nan,nan,chr4:105416228-105416435,N_Shore,nan,nan,nan,nan,False
cg06902379,SLN,NM_003063,TSS1500,nan,nan,nan,nan,nan,SLN,False
cg23516560,CACNA2D3,NM_018398,Body,nan,nan,True,nan,nan,CACNA2D3,False
cg16772207,MYT1,NM_004535,TSS200,nan,nan,nan,nan,nan,MYT1,False
cg18708402,nan,nan,nan,nan,nan,True,nan,nan,nan,False
cg19576241,nan,nan,nan,nan,nan,nan,nan,nan,nan,False
cg24249925,DDR2;DDR2,NM_006182;NM_001014796,Body;Body,nan,nan,True,nan,nan,DDR2,False
cg10628201,UBE2L3;UBE2L3;UBE2L3,NR_028436;NM_003347;NR_028437,Body;3'UTR;Body,nan,nan,True,nan,nan,UBE2L3,True
cg02977955,CYTH1;CYTH1,NM_017456;NM_004762,Body;Body,nan,nan,True,nan,nan,CYTH1,False
cg26429783,KIF26B,NM_018012,Body,chr1:245753399-245753636,N_Shore,nan,1:245753157-245753351,Unclassified_Cell_type_specific,KIF26B,False
cg19735250,FMNL1,NM_005892,Body,chr17:43318429-43319243,Island,True,nan,nan,FMNL1,False
cg20595750,DIP2C,NM_014974,Body,chr10:409201-409523,N_Shelf,nan,nan,nan,DIP2C,False
cg24053070,C21orf34;MIR125B2;C21orf34,NR_027790;NR_029694;NR_027791,Body;TSS1500;Body,nan,nan,nan,nan,nan,C21orf34,False
cg16264004,MCF2L;MCF2L,NM_001112732;NM_024979,Body;Body,chr13:113701833-113702280,N_Shelf,nan,nan,nan,MCF2L,False
cg18690282,TRIO,NM_007118,Body,nan,nan,True,nan,nan,TRIO,False
cg05677446,nan,nan,nan,nan,nan,True,nan,nan,nan,False
cg14636575,nan,nan,nan,chr9:2241337-2241659,N_Shore,nan,9:2240943-2242341,Unclassified,nan,False
cg26888153,ELAVL4;ELAVL4;ELAVL4,NM_001144777;NM_001144776;NM_001144775,Body;Body;TSS200,nan,nan,nan,nan,nan,ELAVL4,False
cg05966641,SGK1,NM_001143676,Body,chr6:134638797-134639021,N_Shore,nan,nan,nan,SGK1,False
cg26180255,CELSR1,NM_014246,Body,chr22:46859615-46860229,N_Shelf,nan,nan,nan,CELSR1,False
cg27338511,MAPK10;MAPK10;MAPK10,NM_138980;NM_138982;NM_002753,5'UTR;5'UTR;5'UTR,nan,nan,True,nan,nan,MAPK10,False
cg27647370,nan,nan,nan,chr22:42685894-42686095,Island,nan,nan,nan,nan,False
cg05977072,nan,nan,nan,nan,nan,nan,8:29732257-29732806,Unclassified_Cell_type_specific,nan,False
cg01560422,PSIP1;PSIP1;PSIP1,NM_033222;NM_021144;NM_001128217,Body;Body;Body,chr9:15510176-15511338,N_Shore,nan,nan,nan,PSIP1,False
cg13728069,NELF;NELF;NELF;NELF,NM_001130969;NM_015537;NM_001130971;NM_001130970,Body;Body;Body;Body,chr9:140352818-140354044,N_Shore,True,nan,nan,NELF,False
cg13319175,CAPZB,NM_004930,Body,nan,nan,nan,nan,nan,CAPZB,False
cg22834443,TCF7L1,NM_031283,Body,nan,nan,True,nan,nan,TCF7L1,False
cg25116789,nan,nan,nan,nan,nan,nan,8:29732257-29732806,Unclassified_Cell_type_specific,nan,False
cg20480274,SEZ6;SEZ6,NM_001098635;NM_178860,Body;Body,chr17:27312969-27313283,Island,True,nan,nan,SEZ6,False
cg27205487,C21orf34;MIR125B2;C21orf34,NR_027790;NR_029694;NR_027791,Body;TSS1500;Body,nan,nan,nan,nan,nan,C21orf34,False
cg14249078,DSCAML1,NM_020693,Body,chr11:117666634-117668141,N_Shore,nan,11:117665394-117665536,Unclassified_Cell_type_specific,DSCAML1,False
cg02418175,INPP5A,NM_005539,Body,chr10:134549623-134549876,Island,nan,nan,nan,INPP5A,False
cg16796458,nan,nan,nan,nan,nan,True,nan,nan,nan,False
cg27317046,LTBP2,NM_000428,Body,nan,nan,True,nan,nan,LTBP2,True
cg23158475,SGK3,NM_001033578,5'UTR,chr8:67687305-67687787,N_Shelf,nan,nan,nan,SGK3,False
cg13266188,UBE2E2,NM_152653,Body,nan,nan,True,nan,nan,UBE2E2,False
cg11872231,GTDC1;GTDC1;GTDC1,NM_001164629;NM_024659;NM_001006636,5'UTR;5'UTR;5'UTR,nan,nan,True,nan,nan,GTDC1,False
cg04439215,KCTD4;GTF2F2,NM_198404;NM_004128,5'UTR;Body,nan,nan,True,nan,nan,KCTD4,False
cg01769521,DENND3,NM_014957,Body,chr8:142183432-142183767,N_Shelf,nan,8:142179177-142180371,Gene_Associated,DENND3,False
cg00317626,SLC1A7,NM_006671,Body,nan,nan,True,nan,nan,SLC1A7,False
cg00552696,nan,nan,nan,nan,nan,True,nan,nan,nan,False
cg09052548,CUGBP2,NM_001025077,1stExon,nan,nan,nan,nan,nan,CUGBP2,False
cg02991753,SYNPO2,NM_133477,Body,nan,nan,True,nan,nan,SYNPO2,False
cg04754683,nan,nan,nan,nan,nan,True,nan,nan,nan,False
cg23521262,VTI1A,NM_145206,Body,nan,nan,True,nan,nan,VTI1A,False
cg04700861,FRMD4A,NM_018027,Body,nan,nan,True,nan,nan,FRMD4A,False
cg11661000,BRSK2,NM_003957,Body,chr11:1410119-1412346,S_Shore,nan,nan,nan,BRSK2,False
cg00682096,LOC404266;LOC404266;LOC404266;LOC404266;LOC404266,NR_033203;NR_033204;NR_033201;NR_033205;NR_033202,Body;Body;Body;TSS1500;Body,chr17:46673532-46674181,N_Shore,nan,nan,nan,LOC404266,False
cg20132775,TRPC1,NM_003304,Body,chr3:142442702-142443978,S_Shore,nan,3:142444180-142444356,Unclassified_Cell_type_specific,TRPC1,False
cg12139707,ATM;ATM,NM_000051;NM_138292,Body;TSS1500,nan,nan,nan,nan,nan,ATM,False
cg11559967,POLR2F,NM_021974,3'UTR,nan,nan,nan,nan,nan,POLR2F,False
cg21287554,PEBP4,NM_144962,3'UTR,nan,nan,nan,nan,nan,PEBP4,False
cg27361227,ARSB;ARSB,NM_000046;NM_198709,Body;Body,nan,nan,True,nan,nan,ARSB,False
cg10636760,nan,nan,nan,nan,nan,nan,1:2904430-2904599,Unclassified_Cell_type_specific,nan,False
cg26739230,nan,nan,nan,nan,nan,nan,nan,nan,nan,False
cg25750507,nan,nan,nan,chr17:46685244-46685449,N_Shore,nan,nan,nan,nan,False
cg09264782,C10orf11,NM_032024,Body,nan,nan,True,nan,nan,C10orf11,False
cg06791083,PRKCZ;PRKCZ,NM_002744;NM_001033581,Body;5'UTR,chr1:2005179-2005565,S_Shore,nan,1:2006465-2006664,Unclassified_Cell_type_specific,PRKCZ,False
cg10448724,DIP2C,NM_014974,Body,chr10:530713-531099,S_Shore,nan,nan,nan,DIP2C,False
cg01782247,nan,nan,nan,chr16:85317749-85318003,Island,nan,nan,nan,nan,False
cg09697084,TBXAS1;TBXAS1;TBXAS1;TBXAS1;TBXAS1;TBXAS1,NM_001166253;NR_029394;NM_001130966;NM_001061;NM_030984;NM_001166254,Body;Body;Body;Body;Body;Body,nan,nan,True,nan,nan,TBXAS1,False
cg19079351,nan,nan,nan,chr10:61122306-61122536,S_Shelf,nan,nan,nan,nan,False
cg04779597,SELT,NM_016275,3'UTR,nan,nan,nan,nan,nan,SELT,False
cg02276361,REEP3,NM_001001330,Body,nan,nan,nan,nan,nan,REEP3,False
cg12602405,nan,nan,nan,chr17:79454734-79455823,S_Shore,True,17:79456113-79456916,Unclassified_Cell_type_specific,nan,True
cg20138186,nan,nan,nan,nan,nan,True,nan,nan,nan,False
cg21203781,NRXN1;NRXN1,NM_004801;NM_001135659,Body;Body,chr2:51254522-51255498,N_Shore,nan,nan,nan,NRXN1,False
cg14684749,LOC400940,NR_026833,Body,nan,nan,True,nan,nan,LOC400940,False
cg02676602,MCF2L;MCF2L,NM_001112732;NM_024979,Body;Body,chr13:113701833-113702280,N_Shelf,nan,nan,nan,MCF2L,False
cg06580014,C4orf52,NM_001145432,3'UTR,nan,nan,True,nan,nan,C4orf52,False
cg04217498,nan,nan,nan,nan,nan,True,nan,nan,nan,False
cg02347312,MCF2L;MCF2L,NM_001112732;NM_024979,Body;Body,chr13:113701833-113702280,N_Shelf,nan,nan,nan,MCF2L,False
cg07117402,nan,nan,nan,nan,nan,True,nan,nan,nan,False
cg26881307,LOC400940,NR_026833,Body,nan,nan,True,nan,nan,LOC400940,False
cg02810375,MCF2L;MCF2L,NM_001112732;NM_024979,Body;Body,chr13:113701833-113702280,N_Shelf,nan,nan,nan,MCF2L,False
cg14355482,NCAM2,NM_004540,Body,chr21:22369423-22370582,S_Shelf,nan,nan,nan,NCAM2,False
cg07727425,nan,nan,nan,chr22:45636070-45636606,S_Shelf,nan,22:45638684-45638936,Unclassified_Cell_type_specific,nan,False
cg09163745,nan,nan,nan,nan,nan,True,nan,nan,nan,False
cg01675953,MCF2L;MCF2L,NM_001112732;NM_024979,Body;Body,chr13:113701833-113702280,N_Shelf,nan,nan,nan,MCF2L,False
cg03530074,VTI1A,NM_145206,Body,nan,nan,True,nan,nan,VTI1A,False
cg21533262,COG5;GPR22;COG5;COG5;GPR22,NM_006348;NM_005295;NM_001161520;NM_181733;NM_005295,Body;5'UTR;Body;Body;1stExon,nan,nan,nan,nan,nan,COG5,False
cg03946532,nan,nan,nan,nan,nan,True,nan,nan,nan,False
cg25903143,nan,nan,nan,nan,nan,True,nan,nan,nan,False
cg22720392,PRDM16;PRDM16,NM_022114;NM_199454,Body;Body,nan,nan,nan,nan,nan,PRDM16,False
cg27561818,KIFC3;KIFC3;KIFC3,NM_001130099;NM_005550;NM_001130100,TSS1500;5'UTR;5'UTR,chr16:57835955-57836989,N_Shelf,nan,nan,nan,KIFC3,False
cg09872088,RGS10;RGS10,NM_001005339;NM_002925,Body;Body,nan,nan,nan,nan,nan,RGS10,False
cg26549860,FCHSD2,NM_014824,Body,nan,nan,True,nan,nan,FCHSD2,False
cg12531838,DIP2C,NM_014974,Body,chr10:530713-531099,S_Shore,nan,nan,nan,DIP2C,True
cg13759778,NF1;OMG;NF1,NM_001042492;NM_002544;NM_000267,Body;TSS200;Body,nan,nan,nan,nan,nan,NF1,False
cg19432886,nan,nan,nan,nan,nan,True,nan,nan,nan,False
cg16808481,TES;TES,NM_152829;NM_015641,TSS1500;Body,nan,nan,nan,nan,nan,TES,False
cg14310533,nan,nan,nan,nan,nan,True,nan,nan,nan,False
cg14958265,NUAK1,NM_014840,Body,nan,nan,nan,nan,nan,NUAK1,False
cg00352652,ZFPM1,NM_153813,Body,nan,nan,nan,nan,nan,ZFPM1,False
cg08194369,MPP4,NM_033066,TSS1500,nan,nan,True,nan,nan,MPP4,False
cg02203714,nan,nan,nan,nan,nan,True,nan,nan,nan,False
cg01589353,BRI3BP,NM_080626,Body,nan,nan,nan,nan,nan,BRI3BP,False
cg10982635,GALNT5,NM_014568,Body,nan,nan,True,nan,nan,GALNT5,False
cg13550729,NBL1;NBL1,NM_005380;NM_182744,Body;Body,nan,nan,nan,nan,nan,NBL1,False
cg12354377,ANK3,NM_020987,TSS200,nan,nan,nan,nan,nan,ANK3,False
cg01727408,nan,nan,nan,nan,nan,nan,nan,nan,nan,False
cg16679302,nan,nan,nan,nan,nan,True,nan,nan,nan,False
cg10414350,MSRA;MSRA;MSRA,NM_001135671;NM_001135670;NM_012331,Body;Body;Body,nan,nan,nan,nan,nan,MSRA,False
cg14375632,C9orf3,NM_032823,Body,chr9:97807450-97807694,N_Shelf,nan,nan,nan,C9orf3,False
cg20754324,SOX10,NM_006941,TSS1500,chr22:38379093-38379964,S_Shore,True,22:38381301-38381667,Unclassified_Cell_type_specific,SOX10,False
cg13827361,nan,nan,nan,chr9:102581791-102587561,N_Shore,nan,nan,nan,nan,False
cg16311946,INPP5A,NM_005539,Body,chr10:134549623-134549876,Island,nan,nan,nan,INPP5A,False
cg23007540,DENND3,NM_014957,Body,chr8:142183432-142183767,N_Shelf,nan,8:142179177-142180371,Gene_Associated,DENND3,False
cg06672008,KLHDC4,NM_017566,Body,nan,nan,nan,nan,nan,KLHDC4,False
cg17504591,JAKMIP3,NM_001105521,Body,chr10:133948325-133948677,N_Shelf,nan,nan,nan,JAKMIP3,False
cg20655369,LOC254559,NR_015411,Body,chr15:89920793-89922768,S_Shelf,nan,nan,nan,LOC254559,False
cg27444940,FARP1,NM_005766,Body,nan,nan,True,nan,nan,FARP1,False
cg22609233,UGT8,NM_001128174,TSS1500,chr4:115519422-115520932,N_Shore,nan,nan,nan,UGT8,False
cg25616829,nan,nan,nan,chr1:112531559-112533773,S_Shore,nan,nan,nan,nan,False
cg23786205,nan,nan,nan,chr10:77054582-77054929,S_Shelf,nan,nan,nan,nan,False
cg27060387,SAMD14,NM_174920,Body,nan,nan,True,nan,nan,SAMD14,False
cg05709720,NF1;OMG;NF1,NM_001042492;NM_002544;NM_000267,Body;Body;Body,nan,nan,True,nan,nan,NF1,False
cg00597931,DENND3,NM_014957,Body,chr8:142183432-142183767,N_Shelf,nan,8:142179177-142180371,Gene_Associated,DENND3,False
cg00449868,ZC3H12D,NM_207360,3'UTR,chr6:149771836-149772855,N_Shore,nan,nan,nan,ZC3H12D,False
cg01923429,EZR;EZR,NM_001111077;NM_003379,3'UTR;3'UTR,nan,nan,nan,nan,nan,EZR,False
cg24948406,HOXB1;HOXB1,NM_002144;NM_002144,5'UTR;1stExon,chr17:46607804-46608390,Island,True,nan,nan,HOXB1,False
cg05676570,ZRANB3,NM_032143,Body,nan,nan,True,nan,nan,ZRANB3,False
cg09789239,ZC3H13,NM_015070,Body,nan,nan,True,nan,nan,ZC3H13,False
cg15284545,CDK2AP1,NM_004642,TSS1500,chr12:123755246-123756408,S_Shore,nan,nan,nan,CDK2AP1,False
cg17831791,CTBP2;CTBP2;CTBP2,NM_001329;NM_022802;NM_001083914,Body;Body;Body,chr10:126712013-126712231,Island,nan,nan,nan,CTBP2,False
cg17058383,MCF2L,NM_001112732,Body,chr13:113622737-113623660,S_Shore,nan,nan,nan,MCF2L,False
cg17215172,INPP5A,NM_005539,Body,chr10:134549623-134549876,N_Shore,nan,nan,nan,INPP5A,False
cg05972792,MGMT,NM_002412,Body,nan,nan,nan,nan,nan,MGMT,False
cg09410612,SPG20,NM_001142294,TSS1500,nan,nan,nan,nan,nan,SPG20,False
cg01174811,PDE4D;PDE4D;PDE4D,NM_001165899;NM_006203;NM_001104631,Body;TSS1500;Body,nan,nan,True,nan,nan,PDE4D,False
cg25740301,GPR17;GPR17;LIMS2;GPR17;GPR17;GPR17;LIMS2;LIMS2;GPR17;GPR17;LIMS2;LIMS2;GPR17,NM_005291;NM_001161415;NM_001136037;NM_005291;NM_001161417;NM_001161415;NM_001161403;NM_017980;NM_001161416;NM_001161416;NM_001161404;NR_027823;NM_001161417,5'UTR;5'UTR;Body;1stExon;1stExon;1stExon;Body;Body;5'UTR;1stExon;Body;Body;5'UTR,nan,nan,nan,nan,nan,GPR17,False
cg02497558,HOXB1,NM_002144,TSS1500,chr17:46607804-46608390,S_Shore,True,nan,nan,HOXB1,False
cg05484949,nan,nan,nan,nan,nan,nan,nan,nan,nan,False
cg17614995,MCF2L2,NM_015078,Body,chr3:183145427-183146790,N_Shore,nan,nan,nan,MCF2L2,False
cg06641366,LRRC8C,NM_032270,TSS1500,chr1:90098230-90099292,N_Shore,nan,nan,nan,LRRC8C,False
cg09644974,nan,nan,nan,chr2:177355071-177355525,S_Shelf,nan,nan,nan,nan,False
cg15400671,BMPER,NM_133468,Body,nan,nan,True,nan,nan,BMPER,False
cg27396830,C1orf187,NM_198545,5'UTR,nan,nan,nan,nan,nan,C1orf187,False
cg15317129,nan,nan,nan,nan,nan,True,nan,nan,nan,False
cg27359469,C6orf192,NM_052831,Body,chr6:133119483-133119802,N_Shelf,nan,nan,nan,C6orf192,False
cg04435975,LOC404266;HOXB6;LOC404266,NR_033204;NM_018952;NR_033201,Body;TSS1500;Body,chr17:46685244-46685449,N_Shelf,nan,17:46682656-46683183,Unclassified_Cell_type_specific,LOC404266,False
cg06623668,NFIX,NM_002501,Body,chr19:13135317-13136169,S_Shelf,nan,nan,nan,NFIX,False
cg08015762,CCDC85C,NM_001144995,Body,nan,nan,nan,nan,nan,CCDC85C,False
cg06858185,TRAPPC9;TRAPPC9,NM_031466;NM_001160372,TSS1500;TSS1500,chr8:141467218-141467927,S_Shore,nan,nan,nan,TRAPPC9,False
cg24584721,nan,nan,nan,nan,nan,True,nan,nan,nan,False
cg18957463,CORIN,NM_006587,3'UTR,nan,nan,nan,nan,nan,CORIN,False
cg24186506,CHST15,NM_015892,Body,nan,nan,True,nan,nan,CHST15,False
cg07366188,BIRC5;EPR1;BIRC5;BIRC5,NM_001012271;NR_002219;NM_001168;NM_001012270,3'UTR;TSS200;3'UTR;3'UTR,nan,nan,nan,nan,nan,BIRC5,False
cg21430752,nan,nan,nan,chr17:79360383-79361723,N_Shore,nan,nan,nan,nan,False
cg13520053,nan,nan,nan,chr9:99258794-99259521,N_Shelf,True,9:99256211-99256280,Unclassified_Cell_type_specific,nan,False
cg04847841,nan,nan,nan,chr21:34350726-34350961,S_Shore,nan,nan,nan,nan,False
cg13152158,PRDM16;PRDM16,NM_022114;NM_199454,Body;Body,chr1:3147845-3148081,N_Shelf,nan,nan,nan,PRDM16,False
cg12669271,EXT1,NM_000127,Body,nan,nan,True,nan,nan,EXT1,False
cg05526015,nan,nan,nan,nan,nan,True,6:170553340-170553922,Unclassified_Cell_type_specific,nan,False
cg14660163,RBMS1;RBMS1,NM_002897;NM_016836,Body;Body,nan,nan,True,nan,nan,RBMS1,False
cg06442684,nan,nan,nan,nan,nan,True,nan,nan,nan,False
cg05490023,LOC404266;LOC404266;LOC404266;LOC404266;HOXB6;LOC404266,NR_033203;NR_033205;NR_033204;NR_033201;NM_018952;NR_033202,Body;Body;Body;Body;5'UTR;Body,chr17:46673532-46674181,S_Shelf,nan,nan,nan,LOC404266,False
cg01328621,nan,nan,nan,chr15:68569974-68571058,N_Shelf,nan,nan,nan,nan,False
cg04904609,EBF3,NM_001005463,Body,chr10:131694674-131694933,N_Shelf,nan,nan,nan,EBF3,False
cg18430465,TRPS1,NM_014112,3'UTR,nan,nan,nan,nan,nan,TRPS1,False
cg02987635,C10orf11,NM_032024,Body,nan,nan,nan,nan,nan,C10orf11,False
cg21025171,CHCHD3,NM_017812,Body,nan,nan,True,nan,nan,CHCHD3,False
cg02647835,ASPSCR1,NM_024083,Body,chr17:79952828-79953104,Island,nan,nan,nan,ASPSCR1,False
cg13435834,C7orf50;C7orf50;C7orf50,NM_001134395;NM_032350;NM_001134396,Body;Body;Body,chr7:1126578-1126910,N_Shelf,nan,nan,nan,C7orf50,False
cg26400421,HIPK3;HIPK3,NM_001048200;NM_005734,Body;Body,nan,nan,True,nan,nan,HIPK3,False
cg12486498,C1orf198;C1orf198;C1orf198,NM_001136494;NM_001136495;NM_032800,3'UTR;3'UTR;3'UTR,nan,nan,nan,nan,nan,C1orf198,False
cg01922603,CSGALNACT1;CSGALNACT1,NR_024040;NM_018371,Body;5'UTR,nan,nan,True,nan,nan,CSGALNACT1,False
cg11724750,PACRG;PACRG;PACRG,NM_152410;NM_001080378;NM_001080379,Body;Body;Body,nan,nan,nan,nan,nan,PACRG,True
cg20587945,SEMA3E,NM_012431,Body,nan,nan,True,nan,nan,SEMA3E,False
cg21457147,GTF2F2;KCTD4,NM_004128;NM_198404,Body;Body,nan,nan,True,nan,nan,GTF2F2,False
cg24810836,RNASEH2A,NM_006397,Body,chr19:12917186-12917676,S_Shore,nan,19:12917994-12918190,Promoter_Associated,RNASEH2A,False
cg16092829,nan,nan,nan,nan,nan,nan,nan,nan,nan,False
cg05833351,CUGBP2;CUGBP2,NM_006561;NM_001025077,Body;Body,nan,nan,nan,nan,nan,CUGBP2,False
cg18006379,TCERG1L,NM_174937,Body,nan,nan,nan,nan,nan,TCERG1L,False
cg18642425,DAGLB;DAGLB,NM_001142936;NM_139179,Body;Body,nan,nan,nan,nan,nan,DAGLB,False
cg12180551,PPAP2B;PPAP2B,NM_177414;NM_003713,Body;Body,nan,nan,True,nan,nan,PPAP2B,False
cg10855276,MCF2L;MCF2L,NM_001112732;NM_024979,Body;Body,chr13:113701833-113702280,N_Shelf,nan,nan,nan,MCF2L,False
cg25693317,SH3PXD2B,NM_001017995,Body,nan,nan,nan,nan,nan,SH3PXD2B,False
cg20505372,NPTN;NPTN;NPTN;NPTN,NM_012428;NM_001161364;NM_001161363;NM_017455,Body;Body;Body;Body,nan,nan,True,nan,nan,NPTN,False
cg27300028,CLYBL,NM_206808,Body,chr13:100310204-100310446,S_Shelf,nan,13:100312725-100312866,Unclassified_Cell_type_specific,CLYBL,False
cg22573528,NRXN1;NRXN1,NM_004801;NM_001135659,Body;Body,chr2:51254522-51255498,N_Shore,nan,nan,nan,NRXN1,False
cg00782188,nan,nan,nan,chr16:85551382-85551709,S_Shelf,nan,nan,nan,nan,False
cg03048947,LBR;LBR,NM_194442;NM_002296,Body;Body,chr1:225614721-225616512,N_Shelf,nan,nan,nan,LBR,False
cg13420320,nan,nan,nan,nan,nan,nan,nan,nan,nan,False
cg22606873,PRDM16;PRDM16,NM_022114;NM_199454,Body;Body,chr1:3147845-3148081,N_Shelf,nan,nan,nan,PRDM16,False
cg12076147,SH3BP4,NM_014521,5'UTR,nan,nan,nan,nan,nan,SH3BP4,False
cg23960088,AMACR;AMACR;AMACR;AMACR;AMACR;AMACR,NM_001167595;NM_001167597;NM_001167596;NM_001167598;NM_203382;NM_014324,Body;Body;Body;Body;Body;Body,chr5:34007796-34008105,N_Shore,nan,5:34006867-34007111,Promoter_Associated_Cell_type_specific,AMACR,False
cg07443074,MCF2L;MCF2L,NM_001112732;NM_024979,Body;Body,chr13:113701833-113702280,N_Shelf,nan,nan,nan,MCF2L,False
cg24889708,LOC404266;LOC404266;LOC404266;LOC404266;HOXB6;LOC404266,NR_033203;NR_033205;NR_033204;NR_033201;NM_018952;NR_033202,Body;Body;Body;Body;5'UTR;Body,chr17:46675044-46675589,S_Shelf,nan,nan,nan,LOC404266,False
cg14594111,DAB2IP,NM_032552,Body,chr9:124461797-124462190,S_Shore,True,nan,nan,DAB2IP,False
cg12114200,nan,nan,nan,nan,nan,nan,nan,nan,nan,False
cg14391247,ANK3;ANK3,NM_020987;NM_020987,1stExon;5'UTR,nan,nan,True,nan,nan,ANK3,False
cg13752649,HOXB1,NM_002144,TSS1500,chr17:46607804-46608390,S_Shore,True,nan,nan,HOXB1,False
cg12131906,nan,nan,nan,nan,nan,True,nan,nan,nan,False
cg15936366,ALPK1;ALPK1,NM_025144;NM_001102406,Body;Body,chr4:113300552-113300769,N_Shore,True,nan,nan,ALPK1,False
cg01014190,NRXN1;NRXN1,NM_004801;NM_001135659,Body;Body,chr2:51254522-51255498,N_Shore,nan,nan,nan,NRXN1,False
cg01831657,COL23A1,NM_173465,Body,chr5:178016558-178017670,N_Shore,nan,nan,nan,COL23A1,False
cg11404544,ELAVL4;ELAVL4;ELAVL4,NM_001144777;NM_001144776;NM_001144775,Body;Body;TSS200,nan,nan,nan,nan,nan,ELAVL4,False
cg26258213,nan,nan,nan,nan,nan,nan,nan,nan,nan,False
cg01569440,nan,nan,nan,chr17:46719360-46720234,N_Shelf,nan,nan,nan,nan,False
cg00905220,ABR;ABR;ABR,NM_021962;NM_001092;NM_001159746,Body;Body;Body,chr17:981508-981748,S_Shore,True,nan,nan,ABR,False
cg14203613,ITPR1;ITPR1;ITPR1,NM_002222;NM_001099952;NM_001168272,Body;Body;Body,nan,nan,nan,nan,nan,ITPR1,False
cg23531697,DSCAML1,NM_020693,Body,nan,nan,True,nan,nan,DSCAML1,False
cg12997635,POLS,NM_006999,Body,chr5:6737704-6738004,S_Shore,nan,nan,nan,POLS,False
cg07823492,HOXB1,NM_002144,1stExon,chr17:46607804-46608390,Island,nan,nan,nan,HOXB1,False
cg22022321,SCP2;SCP2;SCP2;SCP2,NM_001007100;NM_002979;NM_001007099;NM_001007250,Body;Body;Body;Body,nan,nan,True,nan,nan,SCP2,False
cg12737938,nan,nan,nan,nan,nan,nan,nan,nan,nan,False
cg09894683,PSD3;PSD3,NM_206909;NM_015310,Body;Body,nan,nan,True,nan,nan,PSD3,False
cg14401309,NOL4,NM_003787,Body,chr18:31739047-31739522,S_Shore,nan,nan,nan,NOL4,False
cg08180229,LOC400940,NR_026833,Body,nan,nan,True,nan,nan,LOC400940,False
cg02902915,KCNA2,NM_004974,3'UTR,chr1:111148983-111150186,N_Shelf,nan,nan,nan,KCNA2,False
cg23141629,GTF2F2,NM_004128,Body,nan,nan,True,nan,nan,GTF2F2,False
cg05066178,GLTP,NM_016433,Body,chr12:110318011-110318778,N_Shore,True,nan,nan,GLTP,False
cg02969422,KIAA1244,NM_020340,Body,chr6:138482534-138483710,S_Shore,nan,6:138484632-138484956,Unclassified_Cell_type_specific,KIAA1244,False
cg14467276,PTPDC1;PTPDC1,NM_152422;NM_177995,TSS200;Body,nan,nan,nan,nan,nan,PTPDC1,False
cg22660933,HOXB1,NM_002144,TSS200,chr17:46607804-46608390,Island,True,nan,nan,HOXB1,False
cg14633892,ARHGEF3;ARHGEF3;ARHGEF3,NM_001128615;NM_019555;NM_001128616,Body;Body;TSS1500,nan,nan,nan,nan,nan,ARHGEF3,False
cg11746048,nan,nan,nan,chr11:65222490-65222750,S_Shelf,nan,nan,nan,nan,False
cg10564791,STK10,NM_005990,Body,nan,nan,nan,nan,nan,STK10,False
cg23738424,LOC729603;IGF2R,NR_003288;NM_000876,Body;Body,chr6:160511936-160512465,S_Shelf,nan,6:160515183-160515377,Gene_Associated_Cell_type_specific,LOC729603,False
cg10723575,WWTR1,NM_001168278,TSS1500,nan,nan,nan,nan,nan,WWTR1,False
cg18180230,SFRS2B,NM_032102,TSS1500,chr11:94800243-94801117,N_Shore,nan,nan,nan,SFRS2B,False
cg23856293,MYT1,NM_004535,TSS1500,nan,nan,nan,nan,nan,MYT1,False
cg15473502,ST6GAL1;ST6GAL1,NM_173216;NM_173217,5'UTR;5'UTR,nan,nan,True,nan,nan,ST6GAL1,False
cg23190164,LGR5,NM_003667,Body,nan,nan,True,nan,nan,LGR5,False
cg04825276,DIP2C,NM_014974,Body,chr10:530713-531099,N_Shore,nan,nan,nan,DIP2C,False
cg27217474,nan,nan,nan,chr17:46697413-46697701,Island,nan,nan,nan,nan,False
cg05181927,RPS24;RPS24;RPS24;RPS24;RPS24;RPS24,NM_001142285;NM_001142282;NM_033022;NM_001142283;NM_001026;NM_001142284,Body;Body;Body;3'UTR;Body;3'UTR,nan,nan,True,nan,nan,RPS24,False
cg18671037,nan,nan,nan,nan,nan,True,nan,nan,nan,False
cg09820244,SSBP3;SSBP3;SSBP3,NM_001009955;NM_018070;NM_145716,Body;Body;Body,nan,nan,True,1:54790554-54790749,Unclassified_Cell_type_specific,SSBP3,False
cg25454110,SNX8,NM_013321,Body,nan,nan,nan,nan,nan,SNX8,False
cg13382516,SGMS1,NM_147156,5'UTR,nan,nan,True,nan,nan,SGMS1,False
cg01720945,PLEKHA6,NM_014935,Body,chr1:204226544-204226908,Island,nan,1:204226882-204228330,Unclassified,PLEKHA6,False
cg10646968,nan,nan,nan,nan,nan,True,nan,nan,nan,False
cg06250127,CRISPLD2,NM_031476,3'UTR,nan,nan,nan,nan,nan,CRISPLD2,False
cg05265257,GUCY1B2,NR_003923,Body,nan,nan,True,nan,nan,GUCY1B2,False
cg26354493,FSD1,NM_024333,Body,chr19:4304542-4305122,Island,nan,19:4303718-4305544,Unclassified,FSD1,False
cg20221707,TMEM92,NM_001168215,TSS1500,chr17:48350422-48350832,N_Shelf,nan,17:48346918-48348327,Unclassified,TMEM92,False
cg26229752,EBF3,NM_001005463,Body,chr10:131697079-131697412,Island,nan,nan,nan,EBF3,False
cg18664866,RPS6KL1,NM_031464,TSS200,chr14:75389712-75390133,N_Shore,nan,nan,nan,RPS6KL1,False
cg27168858,DHCR24,NM_014762,Body,chr1:55352463-55353328,N_Shore,nan,nan,nan,DHCR24,False
cg01477835,AFF1;AFF1,NM_001166693;NM_005935,Body;Body,nan,nan,True,nan,nan,AFF1,False
cg22985451,nan,nan,nan,nan,nan,True,nan,nan,nan,False
cg08556718,LRRN1,NM_020873,5'UTR,chr3:3840513-3842772,S_Shelf,nan,nan,nan,LRRN1,False
cg00448578,nan,nan,nan,nan,nan,True,nan,nan,nan,False
cg22390041,ALDH4A1;ALDH4A1,NM_170726;NM_003748,Body;Body,chr1:19228828-19229634,N_Shelf,nan,1:19225971-19226378,Unclassified_Cell_type_specific,ALDH4A1,False
cg13055709,nan,nan,nan,nan,nan,nan,nan,nan,nan,False
cg13306921,SSBP3;SSBP3;SSBP3,NM_001009955;NM_018070;NM_145716,Body;Body;Body,nan,nan,True,nan,nan,SSBP3,False
cg22495636,MCF2L;MCF2L,NM_001112732;NM_024979,Body;Body,chr13:113701833-113702280,N_Shelf,nan,nan,nan,MCF2L,False
cg18184053,nan,nan,nan,chr10:5882303-5882635,S_Shore,nan,nan,nan,nan,False
cg00425843,nan,nan,nan,nan,nan,nan,nan,nan,nan,False
cg14331609,nan,nan,nan,nan,nan,True,nan,nan,nan,False
cg02035733,SAMD4A;SAMD4A;SAMD4A,NM_001161577;NM_015589;NM_001161576,3'UTR;3'UTR;3'UTR,nan,nan,nan,nan,nan,SAMD4A,False
cg05392949,nan,nan,nan,nan,nan,True,nan,nan,nan,False
cg15924102,nan,nan,nan,nan,nan,nan,nan,nan,nan,False
cg13542073,C6orf134,NM_024909,TSS1500,nan,nan,True,6:30593987-30595136,Promoter_Associated,C6orf134,False
cg15465743,BRSK2,NM_003957,Body,chr11:1410119-1412346,S_Shore,nan,nan,nan,BRSK2,False
cg10237765,GAS7;GAS7;GAS7;GAS7,NM_201432;NM_001130831;NM_201433;NM_003644,Body;Body;Body;TSS1500,nan,nan,nan,17:9861655-9863404,Unclassified_Cell_type_specific,GAS7,False
cg10428413,nan,nan,nan,nan,nan,nan,nan,nan,nan,False
cg11904435,nan,nan,nan,nan,nan,nan,nan,nan,nan,False
cg26279216,MGMT,NM_002412,Body,nan,nan,nan,nan,nan,MGMT,False
cg08594936,C7orf16;C7orf16,NM_006658;NM_001145123,TSS200;TSS200,nan,nan,nan,nan,nan,C7orf16,False
cg23995605,SLC22A2,NM_003058,TSS1500,chr6:160679377-160679701,S_Shore,True,nan,nan,SLC22A2,False
cg01709589,CRISPLD2,NM_031476,3'UTR,nan,nan,nan,nan,nan,CRISPLD2,False
cg27456707,MACROD1,NM_014067,Body,nan,nan,nan,nan,nan,MACROD1,True
cg04025739,SIL1;SIL1,NM_001037633;NM_022464,Body;Body,nan,nan,True,nan,nan,SIL1,False
cg24908198,TP53AIP1,NM_022112,TSS200,nan,nan,nan,nan,nan,TP53AIP1,False
cg16360831,nan,nan,nan,nan,nan,nan,nan,nan,nan,False
cg05378452,nan,nan,nan,nan,nan,True,nan,nan,nan,False
cg24288715,LOC285796,NR_028390,TSS200,nan,nan,nan,nan,nan,LOC285796,False
cg21129531,LRRC4;SND1,NM_022143;NM_014390,5'UTR;Body,chr7:127671158-127672853,N_Shore,nan,nan,nan,LRRC4,False
cg10070788,BIRC5;EPR1;BIRC5;BIRC5,NM_001012271;NR_002219;NM_001168;NM_001012270,3'UTR;TSS200;3'UTR;3'UTR,nan,nan,nan,nan,nan,BIRC5,False
cg16557698,nan,nan,nan,nan,nan,nan,nan,nan,nan,False
cg23135546,ASPSCR1,NM_024083,Body,chr17:79952828-79953104,Island,nan,nan,nan,ASPSCR1,False
cg13263591,nan,nan,nan,chr8:102138593-102139108,S_Shelf,nan,nan,nan,nan,False
cg19026859,nan,nan,nan,chr12:112819039-112819250,N_Shore,nan,nan,nan,nan,False
cg21368094,NR4A1;NR4A1,NM_002135;NM_173157,3'UTR;3'UTR,nan,nan,nan,nan,nan,NR4A1,False
cg13924715,nan,nan,nan,nan,nan,nan,nan,nan,nan,False
cg01070987,PFN2;PFN2,NM_002628;NM_053024,Body;Body,chr3:149687877-149689537,N_Shore,nan,nan,nan,PFN2,False
cg07292251,F12,NM_000505,3'UTR,chr5:176829339-176829756,N_Shore,nan,5:176829010-176830626,Promoter_Associated,F12,False
cg05330708,nan,nan,nan,chr16:1077527-1077772,Island,nan,16:1077334-1077731,Unclassified_Cell_type_specific,nan,False
cg17265300,nan,nan,nan,nan,nan,True,nan,nan,nan,False
cg09301052,nan,nan,nan,chr6:31323946-31325211,S_Shelf,nan,nan,nan,nan,False
cg26046072,nan,nan,nan,chr10:134896690-134897151,Island,nan,nan,nan,nan,False
cg25099065,ANXA4,NM_001153,5'UTR,nan,nan,True,2:69993778-69994380,Unclassified_Cell_type_specific,ANXA4,False
cg01824603,ARHGEF10,NM_014629,Body,nan,nan,nan,nan,nan,ARHGEF10,False
cg00675891,MCF2L;MCF2L,NM_001112732;NM_024979,Body;Body,chr13:113701833-113702280,N_Shelf,nan,nan,nan,MCF2L,False
cg22708630,nan,nan,nan,nan,nan,nan,nan,nan,nan,False
cg14722290,OSBPL5;OSBPL5;OSBPL5,NM_020896;NM_001144063;NM_145638,Body;Body;Body,chr11:3141642-3141877,S_Shelf,nan,nan,nan,OSBPL5,False
cg25800356,EP400NL,NR_003290,Body,chr12:132603367-132603646,S_Shelf,nan,nan,nan,EP400NL,False
cg09690597,LHPP;LHPP,NM_022126;NM_001167880,Body;Body,chr10:126281388-126281614,Island,nan,nan,nan,LHPP,False
cg19241954,nan,nan,nan,chr1:208416489-208418016,S_Shelf,nan,nan,nan,nan,False
cg04410710,nan,nan,nan,chr4:155661678-155661984,N_Shelf,nan,nan,nan,nan,False
cg19366147,CLN8,NM_018941,5'UTR,nan,nan,True,nan,nan,CLN8,False
cg14563363,nan,nan,nan,chr18:32923915-32924585,S_Shelf,nan,nan,nan,nan,False
cg25428177,nan,nan,nan,chr4:1043387-1043645,N_Shelf,nan,4:1039543-1039656,Unclassified_Cell_type_specific,nan,False
cg05757907,REXO2,NM_015523,Body,chr11:114310001-114310586,S_Shelf,nan,nan,nan,REXO2,False
cg02059509,nan,nan,nan,nan,nan,nan,nan,nan,nan,False
cg25545323,MCF2L;MCF2L,NM_001112732;NM_024979,Body;Body,chr13:113701833-113702280,N_Shelf,nan,nan,nan,MCF2L,False
cg12611013,FGF14,NM_175929,Body,chr13:103046680-103047226,S_Shore,nan,13:103046267-103047951,Promoter_Associated,FGF14,False
cg22506548,PRDM16;PRDM16,NM_022114;NM_199454,Body;Body,chr1:2997272-2997473,N_Shore,nan,nan,nan,PRDM16,False
cg00346623,BTBD9;BTBD9;BTBD9,NM_001099272;NM_152733;NM_052893,Body;Body;Body,nan,nan,True,nan,nan,BTBD9,False
cg16444641,HPCAL1;HPCAL1,NM_134421;NM_002149,3'UTR;3'UTR,chr2:10566889-10567148,S_Shore,True,nan,nan,HPCAL1,False
cg20602244,FGF14,NM_175929,Body,chr13:103046680-103047226,S_Shore,nan,13:103046267-103047951,Promoter_Associated,FGF14,False
cg26791879,nan,nan,nan,nan,nan,nan,nan,nan,nan,False
cg03548062,nan,nan,nan,nan,nan,nan,nan,nan,nan,False
cg01087463,BTD,NM_000060,Body,nan,nan,True,nan,nan,BTD,False
cg02431851,nan,nan,nan,nan,nan,nan,nan,nan,nan,False
cg20435238,MYT1L,NM_015025,TSS200,nan,nan,True,nan,nan,MYT1L,False
cg14546128,INPP5A,NM_005539,Body,nan,nan,nan,nan,nan,INPP5A,False
cg14886530,nan,nan,nan,nan,nan,nan,nan,nan,nan,False
cg07460992,ZCCHC14,NM_015144,Body,nan,nan,nan,nan,nan,ZCCHC14,False
cg23600624,nan,nan,nan,nan,nan,nan,nan,nan,nan,False
cg12813797,TAAR6,NM_175067,1stExon,nan,nan,True,nan,nan,TAAR6,False
cg18473137,CDK5R1,NM_003885,Body,chr17:30813177-30815239,Island,nan,17:30813096-30815067,Promoter_Associated,CDK5R1,False
cg03310087,IGF1R,NM_000875,Body,nan,nan,True,nan,nan,IGF1R,True
cg20284937,RNF220,NM_018150,Body,nan,nan,True,nan,nan,RNF220,False
cg17918184,RNF144A,NM_014746,5'UTR,nan,nan,nan,nan,nan,RNF144A,False
cg20377881,nan,nan,nan,chr12:27932789-27933738,N_Shelf,nan,nan,nan,nan,False
cg19076425,nan,nan,nan,chr5:2866699-2867005,S_Shore,nan,nan,nan,nan,False
cg07155331,BRI3BP,NM_080626,Body,nan,nan,nan,nan,nan,BRI3BP,False
cg21216015,STMN1;STMN1;STMN1;STMN1,NM_203401;NM_203399;NM_005563;NM_001145454,Body;Body;Body;Body,chr1:26231950-26233624,N_Shore,nan,nan,nan,STMN1,False
cg16785291,SLC35B4,NM_032826,3'UTR,nan,nan,True,nan,nan,SLC35B4,False
cg23336210,DNAJC1,NM_022365,Body,nan,nan,True,nan,nan,DNAJC1,False
cg21679391,nan,nan,nan,chr1:1283933-1285345,S_Shore,nan,1:1283790-1287078,Promoter_Associated,nan,False
cg12546981,TAAR6,NM_175067,1stExon,nan,nan,True,nan,nan,TAAR6,False
cg05023691,RGS13;RGS13,NM_144766;NM_002927,TSS200;TSS200,nan,nan,nan,nan,nan,RGS13,False
cg14824921,IGFBP7,NM_001553,Body,nan,nan,True,nan,nan,IGFBP7,False
cg25011809,KIF3A,NM_007054,Body,chr5:132072695-132073429,N_Shelf,nan,nan,nan,KIF3A,False
cg12205429,SNX8,NM_013321,Body,nan,nan,nan,nan,nan,SNX8,False
cg14274357,AKT1;AKT1;AKT1,NM_001014431;NM_005163;NM_001014432,Body;Body;Body,chr14:105251401-105251617,Island,True,nan,nan,AKT1,False
cg06702726,TPMT,NM_000367,5'UTR,chr6:18155534-18156354,N_Shelf,nan,nan,nan,TPMT,False
cg00281273,LPCAT1,NM_024830,Body,nan,nan,nan,nan,nan,LPCAT1,False
cg18878432,LOC404266;HOXB6;LOC404266,NR_033204;NM_018952;NR_033201,Body;TSS1500;Body,chr17:46685244-46685449,N_Shore,nan,nan,nan,LOC404266,False
cg23423191,STK10,NM_005990,Body,nan,nan,nan,nan,nan,STK10,False
cg18749563,TBC1D16,NM_019020,Body,chr17:77924080-77924423,Island,nan,nan,nan,TBC1D16,True
cg25745945,nan,nan,nan,nan,nan,True,nan,nan,nan,False
cg09414535,GRIP1,NM_021150,TSS200,nan,nan,True,nan,nan,GRIP1,False
cg12522722,ZW10,NM_004724,3'UTR,nan,nan,nan,nan,nan,ZW10,False
cg14582845,STX8,NM_004853,Body,nan,nan,nan,nan,nan,STX8,False
cg12466613,NR3C1;NR3C1;NR3C1,NM_001018074;NM_001018075;NM_001018077,TSS1500;TSS1500;TSS1500,nan,nan,True,nan,nan,NR3C1,False
cg06824199,KIAA0494,NM_014774,Body,nan,nan,True,nan,nan,KIAA0494,False
cg11847956,nan,nan,nan,nan,nan,True,nan,nan,nan,False
cg14546258,IPPK,NM_022755,Body,nan,nan,True,nan,nan,IPPK,False
cg05290780,C13orf23;C13orf23,NM_025138;NM_170719,Body;Body,chr13:39611688-39612116,N_Shelf,nan,nan,nan,C13orf23,False
cg25274263,PTPN14,NM_005401,Body,nan,nan,True,nan,nan,PTPN14,False
cg01431873,nan,nan,nan,nan,nan,nan,nan,nan,nan,False
cg00053927,MCF2L;MCF2L,NM_001112732;NM_024979,Body;Body,chr13:113701833-113702280,N_Shelf,nan,nan,nan,MCF2L,False
cg26344024,FOXP1;FOXP1,NM_032682;NM_001012505,5'UTR;5'UTR,nan,nan,True,nan,nan,FOXP1,False
cg13003178,MIR548F5;NBEA,NR_031646;NM_015678,Body;Body,nan,nan,True,nan,nan,MIR548F5,False
cg19778253,SCCPDH,NM_016002,Body,chr1:246887264-246888028,S_Shelf,nan,1:246890282-246890597,Unclassified_Cell_type_specific,SCCPDH,False
cg00927666,LOC402644,NM_001126493,TSS1500,nan,nan,nan,nan,nan,LOC402644,False
cg23069648,nan,nan,nan,nan,nan,True,nan,nan,nan,False
cg20944157,nan,nan,nan,chr2:10566889-10567148,S_Shore,True,nan,nan,nan,False
cg26130023,SMAD2;SMAD2;SMAD2,NM_001135937;NM_001003652;NM_005901,5'UTR;5'UTR;5'UTR,chr18:45456484-45458024,N_Shelf,nan,nan,nan,SMAD2,False
cg11801842,nan,nan,nan,chr22:48027586-48027828,N_Shelf,nan,nan,nan,nan,False
cg03899412,nan,nan,nan,chr5:3326328-3326645,N_Shore,nan,nan,nan,nan,False
cg23201907,nan,nan,nan,nan,nan,nan,nan,nan,nan,False
cg22431753,nan,nan,nan,nan,nan,True,nan,nan,nan,False
cg05040893,nan,nan,nan,chr17:43037166-43037740,N_Shelf,nan,17:43034671-43034793,Unclassified_Cell_type_specific,nan,False
cg22296593,HOXB1,NM_002144,TSS1500,chr17:46607804-46608390,S_Shore,True,nan,nan,HOXB1,False
cg08279097,DCLRE1B,NM_022836,3'UTR,nan,nan,True,nan,nan,DCLRE1B,False
cg15587571,UBE2E3;UBE2E3,NM_182678;NM_006357,Body;Body,chr2:181844791-181845514,S_Shelf,nan,nan,nan,UBE2E3,False
cg24794313,SCD5,NM_001037582,3'UTR,nan,nan,True,nan,nan,SCD5,False
cg01071314,PRDM16;PRDM16,NM_022114;NM_199454,Body;Body,chr1:3275029-3275284,S_Shelf,nan,nan,nan,PRDM16,True
cg02858826,RPS6KL1,NM_031464,TSS200,chr14:75389712-75390133,N_Shore,nan,14:75389209-75390361,Promoter_Associated,RPS6KL1,False
cg11784799,nan,nan,nan,nan,nan,nan,8:143262084-143262290,Unclassified_Cell_type_specific,nan,False
cg15982299,PSORS1C1,NM_014068,5'UTR,nan,nan,nan,6:31095254-31097114,Unclassified,PSORS1C1,False
cg03586412,EYA2;EYA2,NM_172110;NM_005244,Body;Body,nan,nan,nan,nan,nan,EYA2,False
cg16353508,nan,nan,nan,chr20:61717767-61718006,N_Shelf,nan,20:61715683-61715992,Unclassified_Cell_type_specific,nan,False
cg06840243,UBE2O,NM_022066,Body,nan,nan,True,nan,nan,UBE2O,False
cg14039347,MTVR2,NR_027025,TSS1500,nan,nan,nan,nan,nan,MTVR2,False
cg21167817,PRDM16;PRDM16,NM_022114;NM_199454,Body;Body,chr1:3275029-3275284,S_Shelf,nan,nan,nan,PRDM16,True
cg14289852,PTPRN2;PTPRN2;PTPRN2,NM_002847;NM_130842;NM_130843,Body;Body;Body,nan,nan,nan,nan,nan,PTPRN2,False
cg05615150,ARPP-21,NM_016300,TSS200,chr3:35680509-35681628,S_Shelf,nan,nan,nan,ARPP-21,False
cg25396637,KLHL7;KLHL7,NM_001031710;NM_018846,Body;5'UTR,chr7:23145211-23146037,S_Shelf,True,nan,nan,KLHL7,False
cg17124387,CBX4,NM_003655,Body,chr17:77812016-77812276,N_Shore,True,nan,nan,CBX4,False
cg08977027,nan,nan,nan,nan,nan,nan,nan,nan,nan,False
cg24113818,RASA3,NM_007368,Body,chr13:114875198-114875418,Island,nan,13:114874917-114876446,Promoter_Associated,RASA3,False
cg07589972,NR3C1;NR3C1;NR3C1,NM_001018074;NM_001018075;NM_001018077,TSS1500;TSS1500;TSS1500,nan,nan,True,nan,nan,NR3C1,False
cg15161050,BRI3BP,NM_080626,Body,nan,nan,nan,nan,nan,BRI3BP,False
cg20603543,TFB1M;CLDN20,NM_016020;NM_001001346,Body;TSS200,nan,nan,nan,nan,nan,TFB1M,False
cg11247129,KLHL32,NM_052904,Body,nan,nan,nan,nan,nan,KLHL32,False
cg01268381,DSCAM,NM_001389,TSS1500,chr21:42218489-42219222,S_Shore,True,nan,nan,DSCAM,False
cg25979526,MYO5A;MYO5A,NM_000259;NM_001142495,Body;Body,nan,nan,True,nan,nan,MYO5A,False
cg23261846,nan,nan,nan,nan,nan,True,nan,nan,nan,False
cg04454629,DNM1L;DNM1L;DNM1L,NM_012062;NM_005690;NM_012063,Body;Body;Body,nan,nan,True,nan,nan,DNM1L,False
cg06849723,OSBPL5;OSBPL5;OSBPL5,NM_020896;NM_001144063;NM_145638,Body;Body;Body,chr11:3141642-3141877,S_Shelf,nan,nan,nan,OSBPL5,False
cg09084106,USP22,NM_015276,3'UTR,nan,nan,True,nan,nan,USP22,False
cg18585263,LOC285419;LOC285419,NR_027106;NR_027105,Body;Body,nan,nan,True,nan,nan,LOC285419,False
cg21396630,RIMKLA,NM_173642,3'UTR,nan,nan,True,nan,nan,RIMKLA,False
cg22373519,AGAP1;AGAP1,NM_014914;NM_001037131,Body;Body,nan,nan,nan,2:236760925-236761026,Unclassified_Cell_type_specific,AGAP1,False
cg19446340,nan,nan,nan,nan,nan,True,nan,nan,nan,False
cg18876201,TCERG1L,NM_174937,Body,nan,nan,nan,nan,nan,TCERG1L,False
cg11796219,C3orf21,NM_152531,Body,nan,nan,True,3:194854259-194854551,Unclassified,C3orf21,False
cg09526469,TRIO,NM_007118,Body,nan,nan,True,nan,nan,TRIO,False
cg24268966,HMGA2,NM_003483,Body,nan,nan,True,nan,nan,HMGA2,False
cg17393083,nan,nan,nan,nan,nan,True,nan,nan,nan,False
cg13831540,MESTIT1;MEST,NR_004382;NM_177524,Body;5'UTR,chr7:130126017-130126801,S_Shore,nan,nan,nan,MESTIT1,False
cg01113900,MITF;MITF;MITF,NM_198177;NM_198159;NM_006722,Body;Body;Body,nan,nan,nan,nan,nan,MITF,False
cg09501959,TMEFF2,NM_016192,Body,chr2:193058995-193060812,N_Shore,nan,nan,nan,TMEFF2,False
cg18713088,NR4A1;NR4A1,NM_002135;NM_173157,Body;Body,nan,nan,nan,12:52450125-52450214,Unclassified_Cell_type_specific,NR4A1,False
cg10356410,nan,nan,nan,nan,nan,True,nan,nan,nan,False
cg04118910,RASA3,NM_007368,Body,chr13:114875198-114875418,N_Shore,nan,13:114874917-114876446,Promoter_Associated,RASA3,False
cg03866600,nan,nan,nan,nan,nan,nan,nan,nan,nan,False
cg08537751,CDH12,NM_004061,5'UTR,nan,nan,nan,nan,nan,CDH12,False
cg26934362,LPCAT1,NM_024830,Body,chr5:1523025-1524588,N_Shelf,nan,5:1519260-1519336,Unclassified_Cell_type_specific,LPCAT1,True
cg06526980,AGAP1;AGAP1,NM_014914;NM_001037131,Body;Body,nan,nan,nan,nan,nan,AGAP1,False
cg19465320,STAT5B,NM_012448,5'UTR,chr17:40427951-40429036,N_Shore,nan,nan,nan,STAT5B,False
cg13700197,PTCH1;PTCH1;PTCH1;PTCH1;PTCH1;PTCH1;PTCH1,NM_001083606;NM_000264;NM_001083605;NM_001083602;NM_001083607;NM_001083603;NM_001083604,Body;Body;Body;Body;Body;Body;Body,nan,nan,nan,nan,nan,PTCH1,False
cg18267436,BOLL;BOLL,NM_033030;NM_197970,3'UTR;3'UTR,nan,nan,nan,nan,nan,BOLL,False
cg23394510,GLTP,NM_016433,Body,chr12:110318011-110318778,N_Shelf,nan,nan,nan,GLTP,False
cg26237595,OPCML,NM_001012393,Body,chr11:132951692-132952260,S_Shelf,nan,nan,nan,OPCML,False
cg11160572,PALLD;PALLD;PALLD,NM_016081;NM_001166109;NM_001166108,Body;Body;Body,nan,nan,True,nan,nan,PALLD,False
cg00781691,FAM189A1,NM_015307,Body,chr15:29561494-29562143,N_Shore,nan,nan,nan,FAM189A1,False
cg02320784,RASSF8;RASSF8;RASSF8,NM_007211;NM_001164747;NM_001164748,5'UTR;5'UTR;5'UTR,nan,nan,True,nan,nan,RASSF8,False
cg16093296,EBF3,NM_001005463,Body,nan,nan,nan,nan,nan,EBF3,False
cg12314335,MCF2L;MCF2L,NM_001112732;NM_024979,Body;Body,chr13:113701833-113702280,N_Shelf,nan,nan,nan,MCF2L,False
cg09363841,nan,nan,nan,nan,nan,nan,nan,nan,nan,False
cg01906054,nan,nan,nan,nan,nan,True,nan,nan,nan,False
cg04229820,RGS13;RGS13,NM_002927;NM_144766,TSS1500;TSS1500,nan,nan,nan,nan,nan,RGS13,False
cg12561776,MYO1D,NM_015194,Body,chr17:30845903-30846702,N_Shore,True,17:30844312-30844776,Unclassified,MYO1D,False
cg08379738,DENND1C,NM_024898,Body,chr19:6476682-6477127,Island,nan,nan,nan,DENND1C,False
cg14178533,VAV2;VAV2,NM_001134398;NM_003371,Body;Body,chr9:136728386-136728600,Island,True,nan,nan,VAV2,False
cg21220614,nan,nan,nan,chr22:43265990-43266283,Island,nan,nan,nan,nan,True
cg14302471,LOC154822,NR_024394,TSS1500,chr7:158798591-158799434,S_Shore,nan,nan,nan,LOC154822,False
cg17513325,RPS6KA2;RPS6KA2,NM_021135;NM_001006932,Body;Body,nan,nan,nan,nan,nan,RPS6KA2,False
cg12232866,ZNF286A;ZNF286A,NM_001130842;NM_020652,Body;Body,chr17:15602778-15603315,S_Shore,nan,nan,nan,ZNF286A,False
cg21986027,nan,nan,nan,nan,nan,nan,nan,nan,nan,False
cg13662597,nan,nan,nan,chr17:60214775-60216785,S_Shelf,nan,nan,nan,nan,False
cg19798702,BDH1;BDH1;BDH1,NM_203314;NM_203315;NM_004051,Body;Body;Body,nan,nan,True,3:197247581-197247805,Unclassified_Cell_type_specific,BDH1,False
cg25570495,SALL4,NM_020436,TSS200,chr20:50417312-50419045,S_Shore,nan,nan,nan,SALL4,False
cg02362978,USP43,NM_153210,Body,chr17:9548389-9549616,S_Shore,nan,nan,nan,USP43,False
cg18888671,PRKCZ;PRKCZ,NM_002744;NM_001033581,Body;5'UTR,nan,nan,nan,nan,nan,PRKCZ,False
cg09446254,nan,nan,nan,chr2:132439833-132440422,S_Shore,nan,nan,nan,nan,False
cg25554212,COL23A1,NM_173465,Body,nan,nan,nan,nan,nan,COL23A1,False
cg09245302,nan,nan,nan,chr17:80291020-80292394,S_Shelf,nan,17:80294494-80294812,Unclassified_Cell_type_specific,nan,True
cg18867781,nan,nan,nan,nan,nan,nan,nan,nan,nan,False
cg09861034,nan,nan,nan,nan,nan,True,nan,nan,nan,False
cg01602345,PRDM16;PRDM16,NM_022114;NM_199454,Body;Body,chr1:3275029-3275284,S_Shelf,nan,nan,nan,PRDM16,True
cg10879397,ABLIM3,NM_014945,Body,nan,nan,True,nan,nan,ABLIM3,False
cg19198993,nan,nan,nan,nan,nan,True,nan,nan,nan,False
cg23387692,LOC728606,NR_024259,Body,nan,nan,nan,nan,nan,LOC728606,False
cg18232828,CASZ1;CASZ1,NM_001079843;NM_017766,5'UTR;5'UTR,nan,nan,nan,nan,nan,CASZ1,True
cg01104717,CACNA1D;CACNA1D;CACNA1D,NM_001128839;NM_000720;NM_001128840,Body;Body;Body,nan,nan,True,nan,nan,CACNA1D,False
cg03394422,RPS6KL1,NM_031464,TSS200,chr14:75389712-75390133,N_Shore,nan,14:75389209-75390361,Promoter_Associated,RPS6KL1,False
cg05104897,nan,nan,nan,nan,nan,True,nan,nan,nan,False
cg08854266,C6orf124,NR_027906,Body,chr6:168226063-168228559,N_Shore,nan,nan,nan,C6orf124,False
cg14114282,MCF2L;MCF2L,NM_001112732;NM_024979,Body;Body,chr13:113701833-113702280,N_Shelf,nan,nan,nan,MCF2L,False
cg03845745,CBR4,NM_032783,Body,chr4:169930790-169931607,N_Shore,nan,nan,nan,CBR4,False
cg10943072,SH2D4B;SH2D4B,NM_207372;NM_001145719,Body;Body,nan,nan,nan,nan,nan,SH2D4B,False
cg23448165,NPTN;NPTN;NPTN;NPTN,NM_012428;NM_001161364;NM_001161363;NM_017455,Body;Body;Body;Body,nan,nan,True,nan,nan,NPTN,False
cg05664352,nan,nan,nan,nan,nan,nan,nan,nan,nan,False
cg03324884,nan,nan,nan,nan,nan,True,nan,nan,nan,False
cg02093918,ATG7;ATG7;ATG7,NM_001136031;NM_001144912;NM_006395,Body;Body;Body,nan,nan,True,nan,nan,ATG7,False
cg23519022,CAPZB,NM_004930,Body,nan,nan,True,nan,nan,CAPZB,False
cg09148417,nan,nan,nan,nan,nan,nan,nan,nan,nan,False
cg11212451,nan,nan,nan,nan,nan,True,nan,nan,nan,True
cg17591195,nan,nan,nan,nan,nan,True,nan,nan,nan,False
cg07264876,nan,nan,nan,nan,nan,True,nan,nan,nan,False
cg21250061,ZBTB5,NM_014872,5'UTR,chr9:37464814-37466569,N_Shore,nan,nan,nan,ZBTB5,False
cg08105378,HOMER3;HOMER3;HOMER3;HOMER3;HOMER3,NR_027297;NM_001145721;NM_001145724;NM_001145722;NM_004838,Body;3'UTR;3'UTR;3'UTR;3'UTR,chr19:19040193-19040431,N_Shore,nan,nan,nan,HOMER3,False
cg12417466,ARPP-21,NM_016300,TSS200,chr3:35680509-35681628,S_Shelf,nan,nan,nan,ARPP-21,False
cg01361248,CABC1,NM_020247,Body,chr1:227163739-227164237,Island,nan,nan,nan,CABC1,False
cg19456451,ZSWIM6,NM_020928,Body,nan,nan,True,nan,nan,ZSWIM6,False
cg04452896,nan,nan,nan,nan,nan,nan,nan,nan,nan,False
cg09414280,CIT,NM_007174,Body,chr12:120127973-120128291,S_Shore,True,nan,nan,CIT,False
cg12019475,nan,nan,nan,nan,nan,True,nan,nan,nan,False
cg15069235,HDAC2,NM_001527,Body,chr6:114291411-114292767,N_Shore,nan,nan,nan,HDAC2,False
cg27106643,NFATC1;NFATC1;NFATC1;NFATC1,NM_006162;NM_172388;NM_172389;NM_172387,Body;Body;Body;Body,chr18:77255680-77256046,S_Shore,True,nan,nan,NFATC1,False
cg20219172,nan,nan,nan,nan,nan,nan,17:79700135-79701508,Unclassified,nan,False
cg07997634,SLC25A13;SLC25A13;SLC25A13,NM_014251;NM_001160210;NR_027662,Body;Body;Body,nan,nan,True,nan,nan,SLC25A13,False
cg04277574,NAV1,NM_020443,Body,nan,nan,True,nan,nan,NAV1,False
cg10961733,nan,nan,nan,nan,nan,True,nan,nan,nan,False
cg23681687,nan,nan,nan,nan,nan,nan,2:130634395-130636160,Promoter_Associated,nan,False
cg13673363,DNM1;DNM1,NM_004408;NM_001005336,Body;Body,chr9:130996210-130996443,S_Shore,nan,nan,nan,DNM1,False
cg19854183,nan,nan,nan,nan,nan,True,nan,nan,nan,False
cg25758137,ALCAM,NM_001627,Body,nan,nan,True,nan,nan,ALCAM,False
cg10610648,FBXO18;FBXO18,NM_178150;NM_032807,Body;Body,nan,nan,True,nan,nan,FBXO18,False
cg05394244,PTP4A1,NM_003463,TSS1500,chr6:64282151-64283736,N_Shore,nan,nan,nan,PTP4A1,False
cg09682051,TP53AIP1,NM_022112,TSS200,nan,nan,nan,nan,nan,TP53AIP1,True
cg00054971,PTPRE,NM_006504,5'UTR,nan,nan,nan,nan,nan,PTPRE,False
cg20966539,nan,nan,nan,chr2:676651-677678,S_Shelf,nan,nan,nan,nan,False
cg08175352,nan,nan,nan,nan,nan,True,nan,nan,nan,False
cg13504434,CABP1;CABP1;CABP1,NM_004276;NM_031205;NM_001033677,TSS200;TSS200;Body,nan,nan,nan,nan,nan,CABP1,False
cg26400835,RFX4;RFX4;RFX4,NM_002920;NM_032491;NM_213594,Body;Body;Body,nan,nan,True,nan,nan,RFX4,False
cg15787636,TBCD,NM_005993,Body,chr17:80863327-80863743,S_Shelf,nan,nan,nan,TBCD,False
cg16096176,AGAP1;AGAP1,NM_014914;NM_001037131,Body;Body,nan,nan,nan,nan,nan,AGAP1,False
cg02479842,nan,nan,nan,nan,nan,True,nan,nan,nan,False
cg19257200,SOX10,NM_006941,TSS1500,chr22:38379093-38379964,S_Shore,nan,nan,nan,SOX10,False
cg02329038,MIR196A1,NR_029582,TSS200,chr17:46710812-46711419,N_Shore,True,17:46709906-46710003,Unclassified_Cell_type_specific,MIR196A1,False
cg19022978,C1orf106;C1orf106,NM_001142569;NM_018265,Body;Body,chr1:200880593-200881270,S_Shore,nan,nan,nan,C1orf106,False
cg25902889,FSD1,NM_024333,Body,chr19:4304542-4305122,Island,nan,19:4303718-4305544,Unclassified,FSD1,False
cg24188561,SIRT2;SIRT2,NM_030593;NM_012237,5'UTR;Body,chr19:39390033-39390895,N_Shelf,nan,nan,nan,SIRT2,False
cg05216211,MIR1185-1,NR_031575,TSS1500,nan,nan,nan,nan,nan,MIR1185-1,False
cg16694007,nan,nan,nan,chr17:53638662-53638964,Island,True,nan,nan,nan,False
cg09705456,MACROD1,NM_014067,Body,nan,nan,nan,nan,nan,MACROD1,True
cg00685622,nan,nan,nan,nan,nan,nan,nan,nan,nan,False
cg16479050,SYNJ2,NM_003898,Body,nan,nan,nan,nan,nan,SYNJ2,False
cg23217463,LOC404266;LOC404266;LOC404266;LOC404266;HOXB6;LOC404266,NR_033203;NR_033205;NR_033204;NR_033201;NM_018952;NR_033202,Body;Body;Body;Body;5'UTR;Body,chr17:46675044-46675589,S_Shore,nan,nan,nan,LOC404266,False
cg23061672,IQCG;IQCG,NM_001134435;NM_032263,Body;Body,nan,nan,nan,nan,nan,IQCG,False
cg10542123,ADARB2,NM_018702,Body,nan,nan,nan,nan,nan,ADARB2,False
cg06627334,PCDH12,NM_016580,TSS1500,nan,nan,True,5:141339595-141339883,Unclassified,PCDH12,False
cg12672713,PURG;WRN;PURG,NM_001015508;NM_000553;NM_013357,1stExon;TSS1500;1stExon,nan,nan,nan,nan,nan,PURG,False
cg05501509,nan,nan,nan,chr17:75789326-75789553,Island,nan,nan,nan,nan,False
cg21808287,TNP1,NM_003284,TSS200,nan,nan,nan,nan,nan,TNP1,False
cg16083711,GRIN2B,NM_000834,5'UTR,nan,nan,nan,nan,nan,GRIN2B,False
cg06017143,nan,nan,nan,chr11:82400585-82400858,S_Shelf,nan,nan,nan,nan,False
cg05793013,nan,nan,nan,nan,nan,nan,nan,nan,nan,False
cg17174980,GRIN2B,NM_000834,5'UTR,nan,nan,nan,nan,nan,GRIN2B,False
cg12025832,BEGAIN;BEGAIN,NM_020836;NM_001159531,3'UTR;3'UTR,chr14:101004067-101005681,N_Shore,nan,14:101003802-101004160,Unclassified_Cell_type_specific,BEGAIN,False
cg00731304,RNF144B,NM_182757,Body,nan,nan,True,nan,nan,RNF144B,False
cg25404410,KIF3A,NM_007054,TSS1500,chr5:132072695-132073429,S_Shore,nan,5:132072164-132073968,Promoter_Associated,KIF3A,False
cg17852507,TRIM2;TRIM2,NM_015271;NM_001130067,Body;5'UTR,nan,nan,True,nan,nan,TRIM2,False
cg15447913,EPHB2;EPHB2,NM_004442;NM_017449,Body;Body,nan,nan,nan,nan,nan,EPHB2,False
cg14113970,CAMK4,NM_001744,Body,nan,nan,True,nan,nan,CAMK4,False
cg05578480,FAM89A,NM_198552,Body,chr1:231175062-231176317,N_Shore,nan,nan,nan,FAM89A,False
cg20583060,PKIA;PKIA,NM_006823;NM_181839,5'UTR;5'UTR,chr8:79428433-79428754,S_Shore,nan,8:79429493-79429836,Promoter_Associated,PKIA,False
cg26349474,nan,nan,nan,chr17:46702280-46704166,S_Shore,nan,nan,nan,nan,False
cg03461781,RAGE,NM_014226,Body,nan,nan,True,nan,nan,RAGE,False
cg24504942,ARHGEF10,NM_014629,Body,chr8:1830748-1831008,N_Shelf,nan,nan,nan,ARHGEF10,False
cg02093006,ARHGAP12,NM_018287,5'UTR,nan,nan,True,nan,nan,ARHGAP12,False
cg18220666,EREG,NM_001432,3'UTR,nan,nan,nan,nan,nan,EREG,False
cg19593680,SORCS2,NM_020777,Body,nan,nan,nan,nan,nan,SORCS2,False
cg25823893,WDR27,NM_182552,Body,nan,nan,nan,nan,nan,WDR27,False
cg01377268,nan,nan,nan,nan,nan,nan,nan,nan,nan,False
cg15365028,AGAP1;AGAP1,NM_014914;NM_001037131,Body;Body,chr2:236443815-236444025,N_Shore,True,nan,nan,AGAP1,True
cg16750777,NKD1,NM_033119,Body,chr16:50583175-50583465,Island,nan,nan,nan,NKD1,False
cg14983080,C15orf26,NM_173528,Body,chr15:81426499-81426702,S_Shelf,nan,nan,nan,C15orf26,False
cg00815644,JAZF1,NM_175061,Body,nan,nan,True,nan,nan,JAZF1,False
cg11241151,nan,nan,nan,nan,nan,True,nan,nan,nan,False
cg14034782,FBRSL1,NM_001142641,Body,chr12:133125659-133126011,N_Shelf,nan,nan,nan,FBRSL1,False
cg16755833,TBCD,NM_005993,Body,chr17:80863327-80863743,S_Shelf,nan,nan,nan,TBCD,False
cg08931917,GRIN2B,NM_000834,5'UTR,nan,nan,nan,nan,nan,GRIN2B,False
cg02447227,NFIA;NFIA;NFIA;NFIA,NM_001145512;NM_001145511;NM_001134673;NM_005595,Body;Body;Body;Body,nan,nan,True,nan,nan,NFIA,False
cg03534360,SYT16,NM_031914,Body,nan,nan,nan,nan,nan,SYT16,False
cg19341106,PTPRN2;PTPRN2;PTPRN2,NM_002847;NM_130842;NM_130843,Body;Body;Body,nan,nan,nan,nan,nan,PTPRN2,False
cg01265068,nan,nan,nan,nan,nan,True,nan,nan,nan,False
cg25285646,MICA,NM_000247,Body,nan,nan,nan,nan,nan,MICA,False
cg05682128,PFN2;PFN2,NM_002628;NM_053024,Body;Body,chr3:149687877-149689537,N_Shelf,nan,3:149684914-149685492,Unclassified_Cell_type_specific,PFN2,False
cg03195147,nan,nan,nan,chr3:75444712-75445611,N_Shelf,nan,nan,nan,nan,False
cg02011981,CTTN;CTTN,NM_138565;NM_005231,Body;Body,chr11:70257279-70257556,N_Shore,nan,nan,nan,CTTN,True
cg20384325,nan,nan,nan,chr15:49267991-49268278,S_Shore,nan,15:49267213-49269033,Unclassified,nan,True
cg04117801,HOXB3,NM_002146,TSS200,chr17:46654053-46654369,N_Shelf,nan,nan,nan,HOXB3,False
cg05046589,BAMBI,NM_012342,Body,chr10:28965704-28967266,S_Shelf,nan,nan,nan,BAMBI,False
cg22488081,nan,nan,nan,nan,nan,True,nan,nan,nan,False
cg24705158,COL23A1,NM_173465,Body,nan,nan,nan,nan,nan,COL23A1,False
cg17317391,GDF9;UQCRQ,NM_005260;NM_014402,TSS1500;TSS1500,chr5:132201901-132202753,N_Shore,nan,nan,nan,GDF9,False
cg27175943,nan,nan,nan,nan,nan,nan,nan,nan,nan,False
cg22221730,IP6K1;IP6K1,NM_001006115;NM_153273,5'UTR;5'UTR,nan,nan,True,nan,nan,IP6K1,False
cg08900864,nan,nan,nan,nan,nan,True,17:27696055-27697661,Promoter_Associated,nan,False
cg17008412,nan,nan,nan,nan,nan,True,nan,nan,nan,False
cg15760474,FOXP4;FOXP4;FOXP4,NM_001012426;NM_001012427;NM_138457,Body;Body;Body,nan,nan,nan,nan,nan,FOXP4,False
cg12659114,nan,nan,nan,chr17:75524589-75525152,N_Shore,nan,nan,nan,nan,False
cg06602926,ZNF286B,NM_001145045,Body,chr17:18585239-18585829,N_Shore,nan,nan,nan,ZNF286B,False
cg01413368,CEP170;CEP170;CEP170,NM_001042404;NM_001042405;NM_014812,Body;Body;Body,nan,nan,True,nan,nan,CEP170,False
cg08058160,RNF144A,NM_014746,5'UTR,nan,nan,nan,nan,nan,RNF144A,False
cg06652349,SEC22A,NM_012430,TSS1500,chr3:122920703-122921114,N_Shore,nan,3:122919962-122921679,Promoter_Associated,SEC22A,False
cg26039484,nan,nan,nan,nan,nan,True,nan,nan,nan,False
cg03789791,nan,nan,nan,chr16:29169898-29170414,N_Shelf,True,nan,nan,nan,False
cg14396758,RELL1;RELL1,NM_001085399;NM_001085400,TSS1500;TSS1500,chr4:37687401-37688613,S_Shore,nan,nan,nan,RELL1,False
cg10964944,nan,nan,nan,nan,nan,True,nan,nan,nan,False
cg06142743,HDAC4;MGC16025,NM_006037;NR_026664,Body;Body,nan,nan,nan,nan,nan,HDAC4,False
cg06609498,HDAC4,NM_006037,Body,nan,nan,nan,nan,nan,HDAC4,False
cg17022362,KCNQ2;KCNQ2;KCNQ2;KCNQ2;KCNQ2,NM_172108;NM_172106;NM_172107;NM_172109;NM_004518,Body;Body;Body;Body;Body,chr20:62084467-62084903,Island,nan,nan,nan,KCNQ2,False
cg07956346,SGIP1,NM_032291,Body,chr1:66998728-66999060,S_Shelf,nan,nan,nan,SGIP1,False
cg18125573,RARA;RARA;RARA;RARA,NM_001145301;NM_000964;NM_001024809;NM_001145302,Body;Body;Body;Body,nan,nan,nan,nan,nan,RARA,False
cg19709083,CUL1,NM_003592,3'UTR,nan,nan,nan,nan,nan,CUL1,False
cg15619820,PRDM16;PRDM16,NM_022114;NM_199454,Body;Body,nan,nan,nan,nan,nan,PRDM16,True
cg09265586,ADARB2,NM_018702,Body,chr10:1595542-1595792,Island,nan,nan,nan,ADARB2,False
cg22979615,HCCA2,NM_053005,Body,nan,nan,nan,nan,nan,HCCA2,False
cg20243900,ADAT3;SCAMP4,NM_138422;NM_079834,5'UTR;5'UTR,chr19:1908118-1908509,Island,nan,nan,nan,ADAT3,False
cg13198984,CCDC57,NM_198082,Body,nan,nan,nan,nan,nan,CCDC57,False
cg20702527,HDAC4,NM_006037,Body,nan,nan,nan,2:240085366-240086648,Promoter_Associated_Cell_type_specific,HDAC4,False
cg04251886,nan,nan,nan,chr14:51410614-51411464,S_Shelf,nan,nan,nan,nan,False
cg19516619,nan,nan,nan,nan,nan,True,nan,nan,nan,False
cg25553466,JAKMIP3,NM_001105521,Body,chr10:133948325-133948677,N_Shelf,nan,nan,nan,JAKMIP3,False
cg04904318,HOXB1,NM_002144,1stExon,chr17:46607804-46608390,Island,nan,nan,nan,HOXB1,False
cg06435751,HGS,NM_004712,Body,chr17:79662850-79663055,S_Shore,nan,nan,nan,HGS,False
cg26135388,nan,nan,nan,nan,nan,nan,nan,nan,nan,False
cg23173687,nan,nan,nan,nan,nan,nan,nan,nan,nan,False
cg01397065,ADAT3;SCAMP4,NM_138422;NM_079834,5'UTR;5'UTR,chr19:1908118-1908509,Island,nan,nan,nan,ADAT3,False
cg04272355,nan,nan,nan,nan,nan,True,nan,nan,nan,False
cg09094964,nan,nan,nan,nan,nan,True,nan,nan,nan,False
cg21757189,nan,nan,nan,nan,nan,True,8:134461480-134463016,Unclassified,nan,False
cg07395763,TNS3,NM_022748,5'UTR,chr7:47576519-47577210,N_Shelf,nan,nan,nan,TNS3,False
cg01970427,PRKCZ;PRKCZ,NM_002744;NM_001033581,Body;5'UTR,chr1:2005179-2005565,S_Shore,nan,nan,nan,PRKCZ,False
cg18900591,SALL4,NM_020436,TSS200,chr20:50417312-50419045,S_Shore,nan,nan,nan,SALL4,False
cg17367884,TBC1D16,NM_019020,Body,chr17:77924080-77924423,Island,True,nan,nan,TBC1D16,False
cg13583664,nan,nan,nan,nan,nan,nan,nan,nan,nan,False
cg00912247,nan,nan,nan,nan,nan,nan,nan,nan,nan,True
cg04111467,IQCG;IQCG,NM_001134435;NM_032263,Body;Body,nan,nan,nan,nan,nan,IQCG,False
cg18650219,nan,nan,nan,nan,nan,nan,nan,nan,nan,False
cg14142627,CARS2,NM_024537,Body,chr13:111301316-111301593,Island,nan,nan,nan,CARS2,False
cg19755928,CCDC48,NM_024768,Body,chr3:128722283-128723036,S_Shore,nan,nan,nan,CCDC48,False
cg00203564,nan,nan,nan,nan,nan,True,nan,nan,nan,False
cg09556823,ZNF226;ZNF226;ZNF226;ZNF226;ZNF226,NM_015919;NM_001032374;NM_001032373;NM_001032372;NM_001146220,Body;Body;Body;Body;Body,nan,nan,nan,nan,nan,ZNF226,False
cg23239690,MGMT,NM_002412,Body,nan,nan,nan,nan,nan,MGMT,False
cg08708778,DPYSL3,NM_001387,Body,nan,nan,True,nan,nan,DPYSL3,False
cg25977026,KDM1A;KDM1A,NM_015013;NM_001009999,Body;Body,chr1:23345814-23346677,S_Shore,nan,nan,nan,KDM1A,False
cg14183712,PTPRN2;PTPRN2;PTPRN2,NM_002847;NM_130842;NM_130843,Body;Body;Body,nan,nan,nan,nan,nan,PTPRN2,False
cg04213900,nan,nan,nan,chr14:104687157-104687375,Island,nan,nan,nan,nan,False
cg05993778,TOMM5;TOMM5;TOMM5,NM_001134485;NM_001134484;NM_001001790,Body;3'UTR;Body,chr9:37592198-37592734,N_Shore,nan,nan,nan,TOMM5,False
cg19432505,ASB5,NM_080874,1stExon,nan,nan,nan,nan,nan,ASB5,False
cg00334274,nan,nan,nan,chr22:30476012-30476530,N_Shore,nan,22:30474680-30475486,Unclassified_Cell_type_specific,nan,False
cg17404640,nan,nan,nan,nan,nan,True,nan,nan,nan,False
cg11659652,PTPRE,NM_006504,5'UTR,nan,nan,nan,nan,nan,PTPRE,False
cg07232003,BAMBI,NM_012342,3'UTR,nan,nan,nan,nan,nan,BAMBI,False
cg04707217,nan,nan,nan,nan,nan,nan,nan,nan,nan,False
cg17588400,KIAA1530,NM_020894,Body,nan,nan,nan,nan,nan,KIAA1530,False
cg17816173,PTPRN2;PTPRN2;PTPRN2,NM_002847;NM_130842;NM_130843,Body;Body;Body,chr7:158379328-158381221,N_Shore,nan,nan,nan,PTPRN2,False
cg12423473,SQRDL,NM_021199,Body,nan,nan,True,nan,nan,SQRDL,False
cg25694807,RBMS1;RBMS1,NM_002897;NM_016836,Body;Body,nan,nan,True,nan,nan,RBMS1,False
cg13445938,nan,nan,nan,nan,nan,True,nan,nan,nan,False
cg25645879,ZNF37B,NR_026777,Body,chr10:43047584-43048472,N_Shore,nan,nan,nan,ZNF37B,False
cg10865238,GRIP1,NM_021150,TSS200,nan,nan,True,nan,nan,GRIP1,False
cg04312620,SALL4,NM_020436,TSS200,chr20:50417312-50419045,S_Shore,nan,nan,nan,SALL4,False
cg11328898,NTM,NM_001048209,Body,nan,nan,nan,nan,nan,NTM,False
cg03004860,KIAA0182;KIAA0182,NM_001134473;NM_014615,Body;Body,chr16:85684107-85684491,Island,nan,nan,nan,KIAA0182,True
cg25233299,GUSBL2,NR_003660,TSS1500,chr6:58287429-58287828,S_Shore,nan,nan,nan,GUSBL2,False
cg09003509,nan,nan,nan,nan,nan,nan,nan,nan,nan,False
cg20842915,RALA,NM_005402,5'UTR,chr7:39662543-39663792,S_Shore,nan,nan,nan,RALA,False
cg20592017,nan,nan,nan,nan,nan,nan,nan,nan,nan,False
cg01168776,LPGAT1,NM_014873,Body,chr1:212003431-212004280,N_Shore,nan,nan,nan,LPGAT1,False
cg09173621,ARHGEF7;ARHGEF7;ARHGEF7,NM_001113511;NM_001113512;NM_145735,Body;Body;Body,nan,nan,True,nan,nan,ARHGEF7,False
cg00103448,nan,nan,nan,chr17:46604362-46604881,N_Shelf,True,17:46600310-46600829,Unclassified_Cell_type_specific,nan,False
cg07381464,nan,nan,nan,chr1:76080454-76080808,N_Shore,nan,nan,nan,nan,False
cg06766817,SYNJ2,NM_003898,Body,nan,nan,nan,nan,nan,SYNJ2,False
cg13390388,EBF2,NM_022659,Body,nan,nan,nan,nan,nan,EBF2,False
cg04571652,MGC2889;HRASLS,NR_026877;NM_020386,Body;5'UTR,chr3:192958709-192959373,S_Shore,nan,nan,nan,MGC2889,False
cg14240060,nan,nan,nan,nan,nan,True,nan,nan,nan,False
cg08480996,nan,nan,nan,nan,nan,True,nan,nan,nan,False
cg27624327,SLC9A3,NM_004174,Body,chr5:507745-508835,S_Shore,nan,nan,nan,SLC9A3,False
cg26548351,BMP8A,NM_181809,Body,chr1:39956424-39958137,S_Shelf,nan,nan,nan,BMP8A,False
cg25592021,nan,nan,nan,nan,nan,nan,nan,nan,nan,False
cg14245471,nan,nan,nan,chr2:10566889-10567148,S_Shore,True,nan,nan,nan,True
cg27309098,AGAP1;AGAP1,NM_014914;NM_001037131,Body;Body,nan,nan,nan,nan,nan,AGAP1,True
cg26303613,ANKRD24,NM_133475,3'UTR,nan,nan,nan,nan,nan,ANKRD24,False
cg25469381,nan,nan,nan,nan,nan,True,nan,nan,nan,False
cg21790461,KIAA1530,NM_020894,Body,nan,nan,nan,nan,nan,KIAA1530,False
cg00035268,C6orf124,NR_027906,Body,chr6:168226063-168228559,N_Shore,nan,nan,nan,C6orf124,False
cg06982745,ADAMTS14;ADAMTS14,NM_080722;NM_139155,Body;Body,nan,nan,nan,nan,nan,ADAMTS14,False
cg00433917,EVI5L;EVI5L,NM_145245;NM_001159944,Body;Body,chr19:7913751-7913968,S_Shore,nan,nan,nan,EVI5L,False
cg12266049,CCND1,NM_053056,Body,chr11:69461060-69461378,Island,nan,nan,nan,CCND1,False
cg16616765,HECW2,NM_020760,5'UTR,chr2:197457392-197458522,N_Shore,nan,2:197456406-197456704,Unclassified_Cell_type_specific,HECW2,False
cg14460503,AGAP1;AGAP1,NM_014914;NM_001037131,Body;Body,nan,nan,nan,nan,nan,AGAP1,False
cg06111374,GRIN2B,NM_000834,5'UTR,nan,nan,nan,nan,nan,GRIN2B,False
cg05224659,nan,nan,nan,chr2:43295212-43295555,S_Shore,True,nan,nan,nan,False
cg13863078,SPCS3,NM_021928,Body,chr4:177240935-177241832,S_Shelf,nan,nan,nan,SPCS3,False
cg05388880,nan,nan,nan,nan,nan,True,nan,nan,nan,False
cg06001205,CDH12,NM_004061,5'UTR,nan,nan,nan,nan,nan,CDH12,False
cg18645642,RERE;RERE,NM_012102;NM_001042681,Body;Body,nan,nan,True,nan,nan,RERE,False
cg20811857,GAA;GAA;GAA,NM_001079804;NM_000152;NM_001079803,Body;Body;Body,chr17:78079568-78079833,Island,nan,nan,nan,GAA,False
cg12942878,MGC2889;HRASLS,NR_026877;NM_020386,Body;5'UTR,chr3:192958709-192959373,S_Shore,nan,nan,nan,MGC2889,False
cg14679230,LIPE,NM_005357,TSS200,chr19:42927285-42928598,S_Shelf,nan,nan,nan,LIPE,False
cg19254118,ADAT3;SCAMP4,NM_138422;NM_079834,5'UTR;5'UTR,chr19:1908118-1908509,N_Shore,nan,nan,nan,ADAT3,False
cg11423891,nan,nan,nan,chr6:168449070-168449349,Island,nan,nan,nan,nan,False
cg20588703,nan,nan,nan,nan,nan,True,nan,nan,nan,False
cg01346596,C10orf47,NM_153256,5'UTR,chr10:11865125-11865984,S_Shelf,nan,nan,nan,C10orf47,False
cg11418389,KCNIP3,NM_013434,Body,nan,nan,nan,nan,nan,KCNIP3,False
cg16236270,MCM7;MCM7,NM_005916;NM_182776,Body;5'UTR,chr7:99698173-99699646,N_Shore,nan,nan,nan,MCM7,False
cg09570807,ANKRD17;ANKRD17,NM_198889;NM_032217,TSS1500;TSS1500,chr4:74124405-74125130,S_Shore,nan,nan,nan,ANKRD17,False
cg11855117,TGFBR3,NM_003243,Body,nan,nan,nan,nan,nan,TGFBR3,False
cg03326215,MYT1L;LOC730811,NM_015025;NR_024468,5'UTR;Body,nan,nan,nan,nan,nan,MYT1L,False
cg23000806,PRKDC;PRKDC,NM_001081640;NM_006904,Body;Body,nan,nan,True,nan,nan,PRKDC,False
cg18634398,nan,nan,nan,nan,nan,nan,6:29801909-29803572,Unclassified,nan,False
cg07006718,MBP;MBP,NM_001025100;NM_001025101,Body;Body,chr18:74770351-74770590,Island,nan,nan,nan,MBP,False
cg02896073,NOL4,NM_003787,Body,chr18:31802358-31803792,N_Shelf,nan,nan,nan,NOL4,False
cg22469897,ETFB;ETFB,NM_001014763;NM_001985,TSS200;Body,nan,nan,nan,nan,nan,ETFB,False
cg01451808,nan,nan,nan,nan,nan,True,nan,nan,nan,False
cg13911959,ADARB2,NM_018702,Body,chr10:1506344-1506708,N_Shore,nan,nan,nan,ADARB2,False
cg13601936,nan,nan,nan,chr9:140195501-140197475,S_Shore,nan,9:140197669-140198896,Promoter_Associated,nan,False
cg02362017,nan,nan,nan,chr9:131154346-131155923,Island,nan,nan,nan,nan,False
cg18704363,nan,nan,nan,chr10:75385082-75385994,S_Shore,nan,10:75387339-75387509,Unclassified_Cell_type_specific,nan,False
cg08610281,DTL,NM_016448,Body,chr1:212208837-212209364,S_Shelf,nan,nan,nan,DTL,False
cg26104239,TRIM55;TRIM55;TRIM55;TRIM55,NM_033058;NM_184086;NM_184087;NM_184085,Body;Body;Body;Body,nan,nan,nan,nan,nan,TRIM55,False
cg11173579,HUNK,NM_014586,Body,chr21:33244910-33246609,S_Shore,True,nan,nan,HUNK,False
cg16518165,ODZ2,NM_001122679,Body,nan,nan,True,nan,nan,ODZ2,False
cg09507411,XRCC4;XRCC4;XRCC4,NM_022550;NM_003401;NM_022406,5'UTR;5'UTR;5'UTR,nan,nan,True,nan,nan,XRCC4,False
cg24197445,ZBBX,NM_024687,Body,nan,nan,nan,nan,nan,ZBBX,False
cg25890678,nan,nan,nan,chr2:112811809-112812134,N_Shelf,nan,nan,nan,nan,False
cg18256640,ATP10A,NM_024490,Body,nan,nan,nan,nan,nan,ATP10A,False
cg03044684,HUNK,NM_014586,Body,chr21:33244910-33246609,S_Shore,True,nan,nan,HUNK,False
cg12847125,PTP4A3;PTP4A3,NM_007079;NM_032611,Body;Body,chr8:142439683-142440547,N_Shore,True,nan,nan,PTP4A3,False
cg02084553,nan,nan,nan,nan,nan,nan,nan,nan,nan,False
cg08285768,AKAP13;AKAP13,NM_007200;NM_006738,Body;Body,nan,nan,True,nan,nan,AKAP13,False
cg03455746,nan,nan,nan,nan,nan,nan,6:29801909-29803572,Unclassified,nan,False
cg17890233,DAGLB;DAGLB,NM_001142936;NM_139179,Body;Body,nan,nan,nan,nan,nan,DAGLB,False
cg00782697,INPP5A,NM_005539,Body,nan,nan,nan,nan,nan,INPP5A,False
cg17066349,CIT,NM_007174,Body,chr12:120127973-120128291,S_Shelf,True,nan,nan,CIT,False
cg26757722,CACNG2;CACNG2,NM_006078;NM_006078,1stExon;5'UTR,chr22:37099471-37099711,N_Shore,nan,nan,nan,CACNG2,False
cg20930294,DNAH17,NM_173628,Body,chr17:76454983-76455273,Island,nan,nan,nan,DNAH17,False
cg11658970,nan,nan,nan,chr6:159736690-159736973,N_Shelf,nan,nan,nan,nan,False
cg01222719,PTCH1;PTCH1,NM_001083602;NM_001083603,Body;Body,chr9:98278128-98279754,N_Shore,True,nan,nan,PTCH1,False
cg21429780,MAML3,NM_018717,Body,chr4:140781109-140781433,N_Shore,nan,nan,nan,MAML3,False
cg17076592,TXNDC12;KTI12,NM_015913;NM_138417,Body;TSS1500,chr1:52498452-52499505,S_Shore,nan,nan,nan,TXNDC12,False
cg03257743,nan,nan,nan,nan,nan,True,nan,nan,nan,False
cg19758859,SASH1,NM_015278,Body,nan,nan,True,nan,nan,SASH1,False
cg06911238,FAAH,NM_001441,TSS1500,chr1:46859724-46860291,N_Shore,nan,nan,nan,FAAH,False
cg13176454,nan,nan,nan,nan,nan,True,8:134461480-134463016,Unclassified,nan,False
cg09210135,nan,nan,nan,nan,nan,nan,nan,nan,nan,False
cg02670123,ITGA6;ITGA6,NM_001079818;NM_000210,Body;Body,nan,nan,nan,nan,nan,ITGA6,True
cg01721149,C1orf61,NM_006365,5'UTR,chr1:156390403-156391581,S_Shelf,nan,nan,nan,C1orf61,False
cg10556064,SMPD3,NM_018667,5'UTR,chr16:68480864-68482822,Island,True,16:68481341-68481809,Unclassified_Cell_type_specific,SMPD3,False
cg15742758,ASB18,NM_212556,Body,chr2:237123015-237123572,S_Shelf,nan,nan,nan,ASB18,False
cg17778888,SLC9A3,NM_004174,Body,chr5:507745-508835,S_Shore,nan,nan,nan,SLC9A3,False
cg01186595,CHORDC1;CHORDC1,NM_001144073;NM_012124,Body;Body,chr11:89955742-89956358,N_Shore,nan,nan,nan,CHORDC1,False
cg24394819,RPTOR;RPTOR,NM_001163034;NM_020761,Body;Body,nan,nan,nan,nan,nan,RPTOR,False
cg09459774,FOXP1;FOXP1,NM_032682;NM_001012505,5'UTR;5'UTR,nan,nan,True,nan,nan,FOXP1,False
cg27649037,ST18,NM_014682,TSS200,nan,nan,nan,nan,nan,ST18,False
cg16278877,CDC42BPG,NM_017525,Body,chr11:64596975-64597519,S_Shore,nan,nan,nan,CDC42BPG,False
cg26655004,nan,nan,nan,chr13:114302311-114302519,Island,nan,nan,nan,nan,False
cg13643509,RPTOR;RPTOR,NM_001163034;NM_020761,Body;Body,chr17:78915562-78915882,Island,True,17:78915447-78916798,Unclassified,RPTOR,False
cg12910797,HOXB3;HOXB3,NM_002146;NM_002146,5'UTR;1stExon,chr17:46654053-46654369,N_Shelf,nan,nan,nan,HOXB3,False
cg24930713,nan,nan,nan,nan,nan,True,nan,nan,nan,False
cg19149789,SAG,NM_000541,Body,nan,nan,nan,2:234225954-234226075,Unclassified_Cell_type_specific,SAG,False
cg23969380,nan,nan,nan,nan,nan,nan,nan,nan,nan,False
cg06875413,nan,nan,nan,nan,nan,True,nan,nan,nan,False
cg09704885,PLAG1;PLAG1;PLAG1,NM_001114635;NM_002655;NM_001114634,5'UTR;5'UTR;5'UTR,chr8:57123572-57124997,N_Shelf,nan,nan,nan,PLAG1,False
cg03296248,COL4A1,NM_001845,Body,chr13:110918324-110918725,Island,nan,nan,nan,COL4A1,False
cg07116732,FBRSL1,NM_001142641,Body,chr12:133125659-133126011,N_Shore,nan,nan,nan,FBRSL1,False
cg11944462,nan,nan,nan,nan,nan,True,nan,nan,nan,False
cg25981350,SDK1,NM_152744,Body,nan,nan,nan,nan,nan,SDK1,False
cg09729155,MGC2889;HRASLS,NR_026877;NM_020386,Body;5'UTR,chr3:192958709-192959373,S_Shore,nan,nan,nan,MGC2889,False
cg24496563,IL12RB2,NM_001559,Body,nan,nan,True,nan,nan,IL12RB2,False
cg02506248,nan,nan,nan,nan,nan,nan,nan,nan,nan,False
cg07807210,MBP;MBP,NM_001025100;NM_001025101,Body;Body,chr18:74770351-74770590,Island,nan,nan,nan,MBP,False
cg20317148,nan,nan,nan,nan,nan,True,nan,nan,nan,False
cg21827809,TP73,NM_005427,5'UTR,nan,nan,nan,nan,nan,TP73,False
cg19533322,ADARB2,NM_018702,Body,chr10:1595542-1595792,Island,nan,nan,nan,ADARB2,False
cg09576319,CHAD;ACSF2,NM_001267;NM_025149,Body;Body,chr17:48545570-48546900,N_Shore,nan,17:48544705-48544981,Unclassified,CHAD,False
cg10069155,TYRO3,NM_006293,Body,chr15:41851723-41851970,S_Shore,nan,nan,nan,TYRO3,False
cg01954305,nan,nan,nan,nan,nan,True,nan,nan,nan,False
cg13957928,nan,nan,nan,nan,nan,nan,nan,nan,nan,False
cg11740348,INPP5A,NM_005539,Body,nan,nan,True,nan,nan,INPP5A,True
cg11631592,SASH1,NM_015278,Body,nan,nan,True,nan,nan,SASH1,False
cg26758486,SDK2,NM_001144952,Body,nan,nan,nan,nan,nan,SDK2,False
cg21002957,RASAL3,NM_022904,Body,chr19:15568027-15569227,Island,nan,nan,nan,RASAL3,False
cg23109891,SOX10,NM_006941,Body,chr22:38379093-38379964,Island,nan,22:38378607-38379589,Unclassified,SOX10,False
cg21655444,MBP;MBP,NM_001025100;NM_001025101,Body;Body,chr18:74770351-74770590,Island,nan,nan,nan,MBP,False
cg25580782,IL15RA;IL15RA,NM_002189;NM_172200,Body;Body,nan,nan,nan,nan,nan,IL15RA,False
cg08900233,nan,nan,nan,chr1:45452037-45452444,S_Shore,nan,nan,nan,nan,False
cg09131511,FAP,NM_004460,Body,nan,nan,True,nan,nan,FAP,False
cg19961800,SYT16,NM_031914,Body,nan,nan,nan,nan,nan,SYT16,False
cg13691567,nan,nan,nan,nan,nan,nan,nan,nan,nan,False
cg19999567,C1orf159,NM_017891,Body,chr1:1023143-1023347,N_Shore,nan,nan,nan,C1orf159,False
cg22599115,SLC6A19,NM_001003841,3'UTR,chr5:1226976-1227305,N_Shelf,nan,nan,nan,SLC6A19,False
cg15934634,nan,nan,nan,nan,nan,True,nan,nan,nan,True
cg08478151,nan,nan,nan,nan,nan,nan,nan,nan,nan,False
cg23404330,nan,nan,nan,chr17:80251357-80251673,Island,nan,17:80250168-80251839,Promoter_Associated,nan,False
cg24298423,C7orf58;C7orf58,NM_001105533;NM_024913,Body;Body,nan,nan,True,nan,nan,C7orf58,False
cg01703736,nan,nan,nan,chr2:20646428-20647988,S_Shore,True,nan,nan,nan,False
cg12074541,SNTG2,NM_018968,Body,chr2:1286393-1286642,Island,nan,nan,nan,SNTG2,False
cg01154505,FBLN7;FBLN7,NM_153214;NM_001128165,Body;Body,chr2:112939287-112939563,S_Shore,True,2:112938965-112940681,Unclassified_Cell_type_specific,FBLN7,True
cg14557288,ADAMTS14;ADAMTS14,NM_080722;NM_139155,Body;Body,nan,nan,nan,nan,nan,ADAMTS14,False
cg23180593,CARS2,NM_024537,Body,chr13:111301316-111301593,Island,nan,nan,nan,CARS2,False
cg07152817,nan,nan,nan,chr6:56298003-56298214,S_Shore,nan,nan,nan,nan,False
cg06995967,MRPS16;TTC18,NM_016065;NM_145170,TSS1500;3'UTR,chr10:75012126-75012531,S_Shore,nan,nan,nan,MRPS16,False
cg10799668,nan,nan,nan,nan,nan,nan,nan,nan,nan,True
cg16268315,nan,nan,nan,nan,nan,True,nan,nan,nan,False
cg01125214,AGAP1;AGAP1,NM_014914;NM_001037131,Body;Body,nan,nan,nan,nan,nan,AGAP1,True
cg15839431,YJEFN3,NM_198537,TSS200,chr19:19639552-19639788,Island,nan,nan,nan,YJEFN3,False
cg00716025,nan,nan,nan,nan,nan,nan,nan,nan,nan,False
cg09779152,NUP85,NM_024844,Body,chr17:73201326-73202122,S_Shelf,nan,nan,nan,NUP85,False
cg11759293,PIBF1,NM_006346,Body,chr13:73355703-73356612,S_Shelf,nan,nan,nan,PIBF1,False
cg01794802,PSORS1C1,NM_014068,5'UTR,nan,nan,nan,6:31095254-31097114,Unclassified,PSORS1C1,False
cg13909661,SSPN;SSPN,NM_005086;NM_001135823,3'UTR;3'UTR,nan,nan,nan,nan,nan,SSPN,True
cg11862714,HOXB3,NM_002146,5'UTR,chr17:46641534-46642110,S_Shelf,True,nan,nan,HOXB3,False
cg05521175,OBSL1,NM_015311,Body,chr2:220434859-220436179,N_Shore,nan,2:220434495-220434644,Unclassified_Cell_type_specific,OBSL1,False
cg24980551,CDC42BPG,NM_017525,Body,chr11:64596975-64597519,S_Shore,nan,nan,nan,CDC42BPG,False
cg01586506,SOX10,NM_006941,Body,chr22:38379093-38379964,Island,nan,22:38378607-38379589,Unclassified,SOX10,False
cg10504588,nan,nan,nan,chr2:61108125-61109016,N_Shelf,nan,nan,nan,nan,False
cg15264020,PTPRG,NM_002841,Body,nan,nan,True,nan,nan,PTPRG,False
cg09159452,IQCE;IQCE,NM_001100390;NM_152558,Body;Body,nan,nan,nan,nan,nan,IQCE,False
cg15014975,RUNX3;RUNX3,NM_004350;NM_001031680,TSS1500;Body,chr1:25255527-25259005,Island,nan,nan,nan,RUNX3,True
cg08019798,SNTG2,NM_018968,Body,chr2:1286393-1286642,N_Shore,nan,nan,nan,SNTG2,False
cg02520816,ADCY9,NM_001116,Body,nan,nan,nan,nan,nan,ADCY9,True
cg07042007,ZFYVE28,NM_020972,Body,chr4:2305514-2305793,N_Shore,True,nan,nan,ZFYVE28,False
cg27360784,ZNF423,NM_015069,Body,chr16:49526248-49526664,N_Shore,True,nan,nan,ZNF423,False
cg10485411,SNX8,NM_013321,Body,nan,nan,nan,nan,nan,SNX8,False
cg22789318,ABR;ABR;ABR,NM_021962;NM_001092;NM_001159746,Body;Body;Body,chr17:981508-981748,Island,True,nan,nan,ABR,False
cg27366984,NOTCH4,NM_004557,Body,nan,nan,nan,nan,nan,NOTCH4,False
cg13909076,CTDP1;CTDP1,NM_048368;NM_004715,Body;Body,chr18:77464324-77464945,S_Shelf,nan,nan,nan,CTDP1,False
cg24924502,AATK,NM_001080395,Body,chr17:79109698-79109911,Island,nan,nan,nan,AATK,False
cg20529645,CRMP1;CRMP1,NM_001014809;NM_001313,Body;Body,chr4:5889203-5890645,N_Shelf,nan,nan,nan,CRMP1,False
cg02985568,HSPA13,NM_006948,Body,chr21:15755371-15756086,N_Shore,nan,nan,nan,HSPA13,False
cg11829371,ABR;ABR;ABR,NM_021962;NM_001092;NM_001159746,Body;Body;Body,chr17:981508-981748,Island,True,nan,nan,ABR,False
cg17873048,nan,nan,nan,chr17:46697413-46697701,Island,nan,nan,nan,nan,False
cg07229402,nan,nan,nan,nan,nan,True,nan,nan,nan,False
cg08891382,VCAN;VCAN;VCAN;VCAN,NM_004385;NM_001164098;NM_001126336;NM_001164097,Body;Body;Body;Body,nan,nan,True,nan,nan,VCAN,False
cg07718303,SPPL3,NM_139015,Body,nan,nan,nan,nan,nan,SPPL3,False
cg02220418,nan,nan,nan,nan,nan,nan,nan,nan,nan,False
cg06033321,DDAH1,NM_001134445,5'UTR,nan,nan,True,nan,nan,DDAH1,False
cg13800802,C9orf130,NR_023390,Body,nan,nan,True,nan,nan,C9orf130,False
cg08865522,RASAL1,NM_004658,TSS1500,chr12:113572977-113573758,S_Shore,nan,12:113573029-113574406,Promoter_Associated_Cell_type_specific,RASAL1,False
cg19919800,EXOSC10;EXOSC10,NM_002685;NM_001001998,Body;Body,chr1:11159387-11160136,N_Shore,nan,nan,nan,EXOSC10,False
cg13169484,MIR202,NR_030170,TSS1500,nan,nan,nan,10:135060517-135061380,Unclassified_Cell_type_specific,MIR202,False
cg16083044,nan,nan,nan,nan,nan,nan,nan,nan,nan,False
cg23669081,HOXB7,NM_004502,Body,chr17:46685244-46685449,Island,nan,nan,nan,HOXB7,True
cg10559585,nan,nan,nan,chr11:66024910-66026253,N_Shelf,nan,nan,nan,nan,False
cg23592392,nan,nan,nan,nan,nan,nan,nan,nan,nan,False
cg24838345,MTSS1,NM_014751,Body,chr8:125739685-125741266,N_Shelf,nan,nan,nan,MTSS1,False
cg23201527,nan,nan,nan,nan,nan,True,nan,nan,nan,False
cg03678146,CARD11,NM_032415,Body,chr7:2968234-2968596,S_Shelf,nan,nan,nan,CARD11,False
cg06945634,RBPMS;RBPMS;RBPMS,NM_001008710;NM_001008711;NM_006867,Body;Body;Body,nan,nan,True,8:30412963-30414475,Unclassified,RBPMS,False
cg17681516,nan,nan,nan,chr2:43295212-43295555,Island,True,nan,nan,nan,False
cg20806180,MGAT3,NM_002409,TSS1500,chr22:39852205-39852939,Island,nan,22:39852645-39853011,Unclassified_Cell_type_specific,MGAT3,False
cg13609544,nan,nan,nan,nan,nan,nan,nan,nan,nan,False
cg03322979,nan,nan,nan,nan,nan,nan,nan,nan,nan,False
cg27391627,nan,nan,nan,nan,nan,True,16:86704035-86704584,Unclassified_Cell_type_specific,nan,False
cg19418273,CREB3L2,NM_194071,3'UTR,nan,nan,True,nan,nan,CREB3L2,False
cg10837110,GABRD,NM_000815,Body,chr1:1959414-1959867,N_Shore,nan,1:1956963-1957903,Unclassified_Cell_type_specific,GABRD,False
cg00863007,LOC402644,NM_001126493,TSS1500,nan,nan,nan,nan,nan,LOC402644,False
cg10888461,ALPK1;ALPK1,NM_025144;NM_001102406,Body;Body,chr4:113300552-113300769,S_Shore,True,nan,nan,ALPK1,False
cg00071984,FHIT;FHIT,NM_001166243;NM_002012,5'UTR;5'UTR,nan,nan,True,nan,nan,FHIT,True
cg02527886,CARD11,NM_032415,Body,chr7:2968234-2968596,Island,nan,nan,nan,CARD11,True
cg03695591,nan,nan,nan,chr2:223917576-223918037,S_Shelf,nan,nan,nan,nan,False
cg08209336,GPR17;GPR17;LIMS2;GPR17;GPR17;LIMS2;LIMS2;LIMS2,NM_001161415;NM_005291;NM_001136037;NM_001161417;NM_001161416;NM_001161403;NM_017980;NM_001161404,Body;Body;Body;Body;Body;Body;Body;Body,chr2:128408957-128409355,Island,nan,nan,nan,GPR17,False
cg02025737,nan,nan,nan,nan,nan,True,nan,nan,nan,False
cg07681748,CD200;CD200,NM_001004196;NM_005944,Body;Body,chr3:112051893-112052406,S_Shore,nan,nan,nan,CD200,False
cg21261158,RASA3,NM_007368,Body,chr13:114875198-114875418,Island,nan,13:114874917-114876446,Promoter_Associated,RASA3,True
cg05571905,CHST15,NM_015892,3'UTR,nan,nan,nan,nan,nan,CHST15,False
cg03147430,PLCG2,NM_002661,Body,nan,nan,nan,16:81929188-81929737,Unclassified_Cell_type_specific,PLCG2,False
cg07249433,INPP5A,NM_005539,Body,nan,nan,True,nan,nan,INPP5A,True
cg15443202,nan,nan,nan,nan,nan,nan,nan,nan,nan,False
cg27312312,KTN1;C14orf33;KTN1;KTN1;KTN1,NM_001079522;NR_027123;NM_182926;NM_001079521;NM_004986,TSS1500;Body;TSS1500;TSS1500;TSS1500,chr14:56046634-56047986,N_Shore,nan,nan,nan,KTN1,False
cg13692426,nan,nan,nan,chr9:79628910-79629393,N_Shelf,nan,nan,nan,nan,False
cg12712184,nan,nan,nan,nan,nan,nan,7:155790781-155791132,Unclassified_Cell_type_specific,nan,False
cg13639451,WFIKKN2,NM_175575,TSS1500,nan,nan,nan,nan,nan,WFIKKN2,False
cg24503712,TDRKH;TDRKH;TDRKH;TDRKH,NM_001083965;NM_001083963;NM_001083964;NM_006862,5'UTR;5'UTR;5'UTR;5'UTR,chr1:151762604-151764007,N_Shore,nan,1:151762111-151763900,Promoter_Associated,TDRKH,False
cg22497575,TSC22D1,NM_183422,Body,nan,nan,True,nan,nan,TSC22D1,False
cg05624196,APOD;APOD,NM_001647;NM_001647,1stExon;5'UTR,nan,nan,nan,nan,nan,APOD,False
cg26851570,nan,nan,nan,nan,nan,nan,nan,nan,nan,False
cg23858650,nan,nan,nan,nan,nan,nan,nan,nan,nan,False
cg10052687,CLIP2;CLIP2,NM_032421;NM_003388,Body;Body,chr7:73790230-73790510,N_Shelf,nan,nan,nan,CLIP2,False
cg27159962,RACGAP1;RACGAP1;RACGAP1,NM_001126104;NM_001126103;NM_013277,TSS1500;TSS1500;TSS1500,chr12:50418935-50419400,S_Shore,nan,12:50418682-50419886,Promoter_Associated,RACGAP1,False
cg23218354,nan,nan,nan,chr1:2885062-2885284,Island,nan,nan,nan,nan,False
cg01457883,nan,nan,nan,nan,nan,True,nan,nan,nan,False
cg05224126,nan,nan,nan,chr14:101531643-101532384,N_Shelf,True,nan,nan,nan,False
cg09559196,TIGD6,NM_030953,Body,nan,nan,nan,nan,nan,TIGD6,True
cg18173044,VTI1A,NM_145206,Body,nan,nan,True,nan,nan,VTI1A,False
cg24600221,IGF1R,NM_000875,Body,nan,nan,True,nan,nan,IGF1R,False
cg18010718,ZACN,NM_180990,TSS200,chr17:74070404-74073530,S_Shore,nan,nan,nan,ZACN,False
cg23119063,nan,nan,nan,nan,nan,nan,nan,nan,nan,False
cg25015733,MGAT4A,NM_012214,5'UTR,chr2:99346882-99348177,N_Shelf,nan,nan,nan,MGAT4A,False
cg26498616,SLC6A19,NM_001003841,3'UTR,chr5:1226976-1227305,N_Shelf,nan,nan,nan,SLC6A19,False
cg27172769,MIDN,NM_177401,Body,chr19:1255216-1255594,Island,True,nan,nan,MIDN,False
cg04245402,C19orf21,NM_173481,5'UTR,nan,nan,nan,nan,nan,C19orf21,False
cg05676622,RBM4,NM_002896,Body,chr11:66410925-66411587,Island,nan,nan,nan,RBM4,False
cg18966688,AUTS2;AUTS2,NM_015570;NM_001127231,Body;Body,chr7:70096263-70096501,Island,True,nan,nan,AUTS2,False
cg26864714,nan,nan,nan,nan,nan,nan,nan,nan,nan,False
cg20137991,nan,nan,nan,nan,nan,nan,nan,nan,nan,False
cg07215822,nan,nan,nan,nan,nan,nan,nan,nan,nan,False
cg04864755,BRD1,NM_014577,Body,chr22:50177720-50178221,S_Shelf,nan,22:50181023-50181434,Unclassified_Cell_type_specific,BRD1,False
cg10385290,SLC1A6,NM_005071,TSS200,nan,nan,nan,nan,nan,SLC1A6,False
cg11590705,ETNK1;ETNK1,NM_001039481;NM_018638,Body;Body,chr12:22777988-22778301,S_Shelf,nan,nan,nan,ETNK1,False
cg07014673,nan,nan,nan,chr2:237071794-237078762,Island,nan,nan,nan,nan,False
cg20216982,HDAC4,NM_006037,Body,nan,nan,nan,nan,nan,HDAC4,False
cg14573833,LHX3;LHX3,NM_014564;NM_178138,TSS1500;Body,chr9:139096665-139096993,N_Shore,nan,9:139096193-139096227,Unclassified_Cell_type_specific,LHX3,False
cg12798524,nan,nan,nan,nan,nan,True,nan,nan,nan,False
cg17372758,ASCC1;C10orf104,NM_015947;NM_173473,TSS1500;5'UTR,chr10:73975671-73976115,S_Shore,nan,nan,nan,ASCC1,False
cg21149266,FAM63B;FAM63B,NM_001040450;NM_001040453,3'UTR;3'UTR,nan,nan,nan,nan,nan,FAM63B,False
cg09400037,nan,nan,nan,nan,nan,nan,nan,nan,nan,False
cg13654135,nan,nan,nan,chr11:518682-520297,S_Shore,nan,nan,nan,nan,False
cg20391567,nan,nan,nan,nan,nan,True,nan,nan,nan,False
cg20397902,nan,nan,nan,chr16:88624806-88625048,Island,nan,nan,nan,nan,False
cg24795825,MORF4L1;MORF4L1,NM_206839;NM_006791,TSS1500;TSS1500,chr15:79165102-79166057,N_Shore,nan,nan,nan,MORF4L1,False
cg17831440,MCF2L;MCF2L,NM_001112732;NM_024979,Body;Body,chr13:113701833-113702280,N_Shelf,nan,nan,nan,MCF2L,False
cg12015737,HOXA5,NM_019102,TSS1500,chr7:27182613-27185562,Island,nan,7:27182652-27184498,Unclassified,HOXA5,False
cg18499201,HRNBP3,NM_001082575,5'UTR,nan,nan,nan,17:77395801-77396208,Unclassified_Cell_type_specific,HRNBP3,False
cg14189142,GALNT9,NM_001122636,Body,chr12:132865236-132865506,Island,nan,nan,nan,GALNT9,False
cg18173726,nan,nan,nan,nan,nan,True,nan,nan,nan,False
cg07425646,nan,nan,nan,chr1:4221387-4221672,Island,nan,nan,nan,nan,False
cg12524725,nan,nan,nan,nan,nan,nan,nan,nan,nan,False
cg07351675,MAFK,NM_002360,5'UTR,chr7:1575736-1575993,S_Shelf,nan,7:1578105-1578420,Gene_Associated_Cell_type_specific,MAFK,False
cg23826980,nan,nan,nan,chr12:562221-563234,Island,nan,12:561848-563774,Unclassified,nan,False
cg07529122,nan,nan,nan,chr21:47053054-47054404,S_Shore,nan,nan,nan,nan,False
cg13711238,FAM110B,NM_147189,5'UTR,nan,nan,nan,nan,nan,FAM110B,False
cg05881698,nan,nan,nan,chr19:5822284-5822532,N_Shelf,nan,nan,nan,nan,False
cg16034168,ACOT7;ACOT7;ACOT7;ACOT7,NM_181864;NM_181865;NM_007274;NM_181866,Body;Body;Body;Body,chr1:6339948-6340268,N_Shelf,True,nan,nan,ACOT7,False
cg10292584,ADARB2,NM_018702,Body,nan,nan,True,nan,nan,ADARB2,False
cg19474047,ANGPTL6,NM_031917,5'UTR,chr19:10206624-10207351,S_Shore,True,19:10206154-10207487,Unclassified,ANGPTL6,False
cg24377694,PDYN,NM_024411,TSS1500,nan,nan,nan,nan,nan,PDYN,True
cg15877425,TSGA13,NM_052933,Body,chr7:130353070-130353979,S_Shelf,nan,nan,nan,TSGA13,False
cg16765600,nan,nan,nan,chr18:10589149-10589386,Island,nan,nan,nan,nan,False
cg14791525,SHANK2,NM_012309,Body,nan,nan,True,nan,nan,SHANK2,False
cg17569032,CALCB,NM_000728,Body,chr11:15094957-15095872,S_Shelf,nan,nan,nan,CALCB,False
cg01729116,CDH15,NM_004933,Body,chr16:89257752-89259010,N_Shelf,nan,nan,nan,CDH15,False
cg14262681,nan,nan,nan,chr20:21086139-21087175,N_Shore,nan,nan,nan,nan,True
cg22686132,nan,nan,nan,nan,nan,nan,nan,nan,nan,False
cg03284308,CENPN;CENPN;CENPN;C16orf61,NM_001100624;NM_018455;NM_001100625;NM_020188,TSS1500;TSS1500;TSS1500;5'UTR,chr16:81040134-81041325,N_Shore,nan,nan,nan,CENPN,False
cg14585167,nan,nan,nan,nan,nan,nan,nan,nan,nan,False
cg07970752,MSLN;MSLN,NM_005823;NM_013404,Body;Body,nan,nan,nan,nan,nan,MSLN,False
cg13246235,PHACTR1,NM_030948,Body,chr6:12749877-12750499,Island,nan,nan,nan,PHACTR1,False
cg26896569,LOC400752,NR_024270,TSS1500,chr1:45769213-45769917,N_Shore,nan,nan,nan,LOC400752,False
cg06728252,ABT1,NM_013375,Body,chr6:26598108-26598316,Island,nan,nan,nan,ABT1,False
cg05758978,DDX56,NM_019082,TSS200,chr7:44613211-44613875,S_Shore,nan,nan,nan,DDX56,False
cg08208480,BRSK2,NM_003957,Body,chr11:1410119-1412346,S_Shore,nan,nan,nan,BRSK2,False
cg09932747,NEU1,NM_000434,Body,chr6:31830299-31830948,N_Shore,nan,6:31829892-31831092,Promoter_Associated,NEU1,False
cg12954245,MON2,NM_015026,Body,chr12:62860383-62860855,S_Shelf,nan,nan,nan,MON2,False
